ערבי,ערבי
קרובים,קרוב
סמוך,סמוך
גדולים,גדול
נרחבות,נרחב
אדומה,אדום
ישראליות,ישראלי
ערביות,ערבי
קיים,קיים
יהודים,יהודי
בכירים,בכיר
ערבים,ערבי
אחר,אחר
פלשתיניים,פלסטיני
קל,קל
קשות,קשה
קשה,קשה
חיים,חי
רבים,רב
צבאיים,צבאי
מרכזיים,מרכזי
צבאי,צבאי
בכיר,בכיר
ספונטאנית,ספונטני
מרכזי,מרכזי
עצור,עצור
צפוניות,צפוני
בינוני,בינוני
נשוי,נשוי
תלוי,תלוי
כללית,כללי
מערבית,מערבי
מונע,מונע
אלימים,אלים
מקומיים,מקומי
מקומי,מקומי
ישראלי,ישראלי
מפתיע,מפתיע
מוקדמות,מוקדם
אחרונים,אחרון
אלימות,אלים
מדמיע,מדמיע
לבן,לבן
שגרתי,שגרתי
כחולה,כחול
אחרון,אחרון
חיה,חי
מרוחק,מרוחק
ממשלתי,ממשלתי
נוספים,נוסף
מקומית,מקומי
אחרים,אחר
צבאית,צבאי
ראשוני,ראשוני
מקיף,מקיף
מוכשר,מוכשר
סימפטומטי,סימפטומטי
מאלף,מאלף
אינטלקטואלית,אינטלקטואלי
מפתה,מפתה
מנוכרת,מנוכר
נכון,נכון
לאומיים,לאומי
לאומי,לאומי
פוליטית,פוליטי
תרבותי,תרבותי
אמוציונלי,אמוציונאלי
פוליטי,פוליטי
זר,זר
מחודד,מחודד
אמוציונלית,אמוציונאלי
סוציולוגיים,סוציולוגיים
שונים,שונה
חילוניים,חילוני
רחוק,רחוק
מאוס,מאוס
משותפת,משותף
משותפים,משותף
מסוכן,מסוכן
מגונה,מגונה
פונקציונלית,פונקציונלי
מיותרת,מיותר
מסוכנת,מסוכן
לאומני,לאומני
ארוכה,ארוך
צפופה,צפוף
לשוני,לשוני
שכיח,שכיח
ישראלית,ישראלי
מקורית,מקורי
שונה,שונה
הפוכה,הפוך
פופולרי,פופולרי
נאצית,נאצי
רדוד,רדוד
אמנותי,אמנותי
איומה,איום
ציני,ציני
נוכחית,נוכחי
דומה,דומה
צינית,ציני
פתוח,פתוח
כוללני,כוללני
ברור,ברור
סמלית,סמלי
קולקטיווי,קולקטיבי
מוסרי,מוסרי
אוניוורסלי,אוניברסלי
לאומית,לאומי
יבש,יבש
מנוכר,מנוכר
רלוונטי,רלוונטי
טקסי,טקסי
חיצוני,חיצוני
טקסית,טקסי
נורא,נורא
חיצונית,חיצוני
דתי,דתי
אישית,אישי
באה,בא
ביזארית,ביזארי
מובהק,מובהק
טבעית,טבעי
ימניים,ימני
בולטים,בולט
רחוקים,רחוק
ימניות,ימני
טבעיות,טבעי
נורמליות,נורמלי
קיימת,קיים
בריאה,בריא
חריגה,חריג
מעוותת,מעוות
קשורים,קשור
חשוד,חשוד
ימנית,ימני
אפשרית,אפשרי
אופטית,אופטי
נפוצה,נפוץ
מודע,מודע
טבעי,טבעי
היסטוריים,היסטורי
יהודיים,יהודי
מותר,מותר
דתיים,דתי
מסוימים,מסוים
אחראים,אחראי
נוראה,נורא
פוליטיים,פוליטי
נפרד,נפרד
יהודית,יהודי
חזק,חזק
שליליות,שלילי
בסיסית,בסיסי
קיצוני,קיצוני
חריגות,חריג
מרה,מר
שלילי,שלילי
דבקית,דבקי
עוינת,עוין
טבעיים,טבעי
סטריאוטיפית,סטריאוטיפי
דמוקרטי,דמוקרטי
חוקיות,חוקי
מיליטנטי,מיליטנטי
פרופורציונלית,פרופורציונלי
ציוני,ציוני
טוב,טוב
עדין,עדין
מורכב,מורכב
פרטי,פרטי
בר,בר
קיצונית,קיצוני
עוין,עוין
אחרונות,אחרון
מובן,מובן
מחריד,מחריד
קיצוניות,קיצוני
אחרות,אחר
פסיכולוגי,פסיכולוגי
נפלאים,נפלא
הדרגתי,הדרגתי
ממושך,ממושך
חינוכי,חינוכי
בסיסי,בסיסי
חשוב,חשוב
גדושה,גדוש
מבוטלים,מבוטל
מאורגן,מאורגן
אדיר,אדיר
מוגזם,מוגזם
שייכת,שייך
חדש,חדש
יהודי,יהודי
פלשתיני,פלסטיני
יחידים,יחיד
מוגבלת,מוגבל
רשמית,רשמי
מאורגנים,מאורגן
שייכים,שייך
נסערים,נסער
ממוסדת,ממוסד
עילאי,עילאי
פטריוט,פטריוט
גדול,גדול
צפויים,צפוי
ראוי,ראוי
פוליטיות,פוליטי
ציבורית,ציבורי
מרכזית,מרכזי
מדיני,מדיני
נצי,ניצי
מתון,מתון
שלמה,שלם
נחוץ,נחוץ
צרה,צר
מורכבות,מורכב
פונקציונליים,פונקציונלי
קונפדרטיוויים,קונפדרטיבי
פלשתינית,פלסטיני
שרירותית,שרירותי
חלופיות,חלופי
תקיף,תקיף
עצמית,עצמי
נצית,ניצי
יונית,יוני
שמאלית,שמאלי
רבות,רב
ימני,ימני
החלטי,החלטי
שמאלי,שמאלי
מתוחכם,מתוחכם
חלקי,חלקי
מעטים,מעט
חד,חד
דומים,דומה
נאיווית,נאיבי
שפוי,שפוי
יחיד,יחיד
ריאלית,ריאלי
עצובה,עצוב
מתסכלת,מתסכל
חסר,חסר
רב,רב
יהודיות,יהודי
מוסלמים,מוסלמי
מעורבת,מעורב
מיוחד,מיוחד
גבוהה,גבוה
חסרים,חסר
סבלני,סבלני
אנגלי,אנגלי
פרוטסטנטים,פרוטסטנטי
משוחררת,משוחרר
קנאים,קנאי
חסרות,חסר
קולוניאליסטיות,קולוניאליסטי
תקיפה,תקיף
טריטוריאליים,טריטוריאלי
כמוסים,כמוס
ספרדית,ספרדי
נוספות,נוסף
עתיקים,עתיק
מחודשת,מחודש
אתניים,אתני
אחרת,אחר
מרים,מר
יוגוסלווית,יוגוסלבי
מלאכותית,מלאכותי
יריבות,יריב
מדיניים,מדיני
פשוטה,פשוט
לגיטימיות,לגיטימי
מוכרות,מוכר
מכובדת,מכובד
נאמן,נאמן
ציונית,ציוני
רע,רע
כהניסטי,כהניסטי
אמריקאית,אמריקני
גזעני,גזעני
פורנוגרפי,פורנוגרפי
פנסיונר,פנסיונר
אמריקאי,אמריקני
ירושלמית,ירושלמי
נלעג,נלעג
צבעוני,צבעוני
דמוקרטית,דמוקרטי
מסוימת,מסוים
רצינית,רציני
פנימי,פנימי
ציבוריים,ציבורי
לגיטימי,לגיטימי
נקי,נקי
חילוני,חילוני
פורנוגרפיים,פורנוגרפי
מוצנעים,מוצנע
מת,מת
חדשה,חדש
מיוחלת,מיוחל
מיידית,מיידי
ענקי,ענקי
נסבל,נסבל
הומניטרית,הומניטרי
רעיונית,רעיוני
נוכחי,נוכחי
נחמד,נחמד
גרוע,גרוע
תיכון,תיכון
עצוב,עצוב
נאצי,נאצי
רעילים,רעיל
מסוים,מסוים
קהילתי,קהילתי
סגור,סגור
אחדים,אחדים
המוניים,המוני
מוזרה,מוזר
קטן,קטן
פולני,פולני
מעורבים,מעורב
נפשי,נפשי
צרפתי,צרפתי
עמוקה,עמוק
ישן,ישן
ציורית,ציורי
דקיק,דקיק
דוקרני,דוקרני
מוחלט,מוחלט
צהבהב,צהבהב
יהודייה,יהודי
יתומה,יתום
אחדות,אחדים
חלקית,חלקי
מסורתי,מסורתי
מרובים,מרובה
מר,מר
מיוחל,מיוחל
שמאלני,שמאלני
מרובי,מרובה
עצובים,עצוב
ארוכים,ארוך
קצר,קצר
מגובשת,מגובש
אישי,אישי
גדולה,גדול
שמח,שמח
הומניסטי,הומניסטי
פתוחה,פתוח
ביקורתית,ביקורתי
קונסרווטיווי,קונסרבטיבי
עזה,עז
חרדים,חרד
מיוחדים,מיוחד
ציוניים,ציוני
שגרתית,שגרתי
מודרניים,מודרני
כואבת,כואב
רבה,רב
חרדי,חרדי
מוצהר,מוצהר
מודגש,מודגש
רציונליסטים,רציונליסטי
מיידי,מיידי
אמתניים,אימתני
צעירות,צעיר
בודדות,בודד
קצרות,קצר
עז,עז
ריק,ריק
ריקה,ריק
מלא,מלא
אפל,אפל
גרמניות,גרמני
יידישאי,יידישאי
רגשיים,רגשי
עיקרי,עיקרי
נצחי,נצחי
מיותר,מיותר
עליזים,עליז
אינטלקטואלי,אינטלקטואלי
קיימות,קיים
נמרצים,נמרץ
סביר,סביר
כהניסטיות,כהניסטי
סבירה,סביר
הגיונית,הגיוני
מבוגר,מבוגר
מקובל,מקובל
קולקטיווית,קולקטיבי
קולקטיוויות,קולקטיבי
ארגונית,ארגוני
רציני,רציני
קודמות,קודם
רעיוני,רעיוני
מטורפות,מטורף
שווים,שווה
מנהלי,מנהלי
משפטיים,משפטי
מינהלי,מנהלי
"זצ""ל","זצ""ל"
מסוימות,מסוים
קטנה,קטן
יחידה,יחיד
פסימית,פסימי
מפורסמים,מפורסם
עצומה,עצום
ירושלמי,ירושלמי
מקרית,מקרי
רחבי,רחב
אמיתי,אמיתי
מקורי,מקורי
ערביים,ערבי
קיצוניים,קיצוני
טובה,טוב
לאומנית,לאומני
ערבית,ערבי
מכוער,מכוער
מוכרת,מוכר
מוסלמי,מוסלמי
חמושים,חמוש
נוכחיות,נוכחי
עצום,עצום
מהיר,מהיר
רשמיות,רשמי
ישירה,ישיר
חריפה,חריף
בעייתי,בעייתי
בריטית,בריטי
מרירות,מריר
מבוקשים,מבוקש
נשית,נשי
קלסית,קלאסי
צעיר,צעיר
חסרי,חסר
שווייצרי,שווייצרי
יאה,יאה
נאה,נאה
מופלגת,מופלג
הרסנית,הרסני
מפוקפק,מפוקפק
פעילים,פעיל
נמהר,נמהר
אורווליאני,אורווליאני
יפה,יפה
נורווגית,נורבגי
בטוח,בטוח
צנועים,צנוע
מרוצים,מרוצה
תמים,תמים
שוודי,שוודי
אהוד,אהוד
משותף,משותף
אמריקאיים,אמריקני
שירית,שירי
ספרותי,ספרותי
שנון,שנון
זקנים,זקן
עולמי,עולמי
לונדוני,לונדוני
רוסי,רוסי
מיוחדת,מיוחד
מנוסים,מנוסה
מחוכמים,מחוכם
ארגנטינאי,ארגנטינאי
סקנדינווית,סקנדינבי
עתיקת,עתיק
עולמית,עולמי
מקסיקאי,מקסיקני
מקסים,מקסים
מדרידי,מדרידי
חגיגי,חגיגי
היספאני,היספאני
סקנדינווים,סקנדינווים
עלומים,עלום
קודמים,קודם
נמהרות,נמהר
מלאכותי,מלאכותי
מטעה,מטעה
פוגע,פוגע
מקובלת,מקובל
צמאים,צמא
טריטוריאלי,טריטוריאלי
גמורה,גמור
ספרותיים,ספרותי
אנגלית,אנגלי
אקזוטית,אקזוטי
בריטי,בריטי
יוקרתי,יוקרתי
ספקן,ספקן
סקנדינווי,סקנדינבי
פינתי,פינתי
פולנית,פולני
יומי,יומי
אמיד,אמיד
שבועי,שבועי
אוהדת,אוהד
אביבי,אביבי
חמקמקה,חמקמק
אביביות,אביבי
זולים,זול
לח,לח
קטנים,קטן
גרוטסקי,גרוטסקי
פולנים,פולני
רגילות,רגיל
אמריקאיות,אמריקני
עשירות,עשיר
מתוסכל,מתוסכל
אקזיסטנציאליסטי,אקזיסטנציאליסטי
קומוניסטי,קומוניסטי
אנושית,אנושי
רגילה,רגיל
ביוגרפיים,ביוגראפי
עזים,עז
אמצעי,אמצעי
עתידים,עתיד
מוקדמת,מוקדם
ספרותיות,ספרותי
מגוונות,מגוון
ספרותית,ספרותי
מדוברת,מדובר
סטודנטיאלי,סטודנטיאלי
מגוון,מגוון
קצרים,קצר
רבת,רב
סטליניסטית,סטליניסטית
קומוניסטית,קומוניסטי
מערביים,מערבי
נדיבים,נדיב
צעירים,צעיר
ריאליסטית,ריאליסטי
קולנועית,קולנועי
דומיננטי,דומיננטי
סוציאליסטי,סוציאליסטי
אנושי,אנושי
מרדני,מרדני
קונפורמיסטי,קונפורמיסטי
חדה,חד
קומוניסטים,קומוניסטי
קתולית,קתולי
ניהיליסטי,ניהיליסטי
רשמי,רשמי
שנוא,שנוא
שונות,שונה
רוחנית,רוחני
נוסף,נוסף
טובים,טוב
חדשים,חדש
אנטישמי,אנטישמי
תוססת,תוסס
תרבותית,תרבותי
רוחני,רוחני
שאולה,שאול
יפות,יפה
גברי,גברי
גבוה,גבוה
פרוע,פרוע
אידיאליסטים,אידיאליסטי
ראשי,ראשי
משפיל,משפיל
כספי,כספי
פורמליים,פורמאלי
גדולות,גדול
פיסי,פיסי
גרמנית,גרמני
דרמטי,דרמטי
גרמני,גרמני
קתולי,קתולי
צפויה,צפוי
פופולריים,פופולרי
מעולה,מעולה
צפוי,צפוי
מוכר,מוכר
שחוק,שחוק
ייחודי,ייחודי
מפותח,מפותח
עכשווית,עכשווי
מפתיעה,מפתיע
תורן,תורן
אינפלציוני,אינפלציוני
מדוברים,מדובר
וויזואליים,וויזואלי
טלוויזיוני,טלוויזיוני
מוכשרים,מוכשר
הומוריסטיים,הומוריסטי
וולגארי,וולגארי
מוכרים,מוכר
אהובים,אהוב
ניכר,ניכר
רומנייה,רומני
הרה,הרה
אמנותיות,אמנותי
בידוריות,בידורי
מוגבל,מוגבל
שקופים,שקוף
שקוף,שקוף
מלאים,מלא
אופנתי,אופנתי
רענן,רענן
עייף,עייף
דהוי,דהוי
כפולה,כפול
מכופלת,מכופל
נדיבה,נדיב
מצליח,מצליח
שקופה,שקוף
משעממת,משעמם
פולנייה,פולני
עסיסית,עסיסי
עיתונאיים,עיתונאי
מחודדים,מחודד
מגושמת,מגושם
מחוספסת,מחוספס
משולל,משולל
טלוויזיונית,טלוויזיוני
גבולית,גבולי
סמוכה,סמוך
אשם,אשם
אלרגי,אלרגי
ענייני,ענייני
אלרגית,אלרגי
צרפתים,צרפתי
נדושים,נדוש
צרפתית,צרפתי
אינטימית,אינטימי
זולה,זול
אחרונה,אחרון
נפשיות,נפשי
פיסיות,פיסי
אישיים,אישי
אינטימיים,אינטימי
פסיכולוגיסטי,פסיכולוגיסטי
אמיצה,אמיץ
נסבלים,נסבל
מעניינים,מעניין
מצוין,מצוין
זקן,זקן
חולה,חולה
שחוחה,שחוח
נפלא,נפלא
תמימה,תמים
יפהפייה,יפיפה
פסטורלי,פסטורלי
ירוק,ירוק
אמנותית,אמנותי
עקרים,עקר
מוצלחים,מוצלח
קרובה,קרוב
עיקרית,עיקרי
אולימפיים,אולימפי
גבוהות,גבוה
בטוחה,בטוח
רגילים,רגיל
"תנ""כית",תנכי
אלוהית,אלוהי
חזקה,חזק
נכונה,נכון
נוחות,נוח
נינוחים,נינוח
משיחי,משיחי
סהרורי,סהרורי
ארצי,ארצי
ממשית,ממשי
אפוקליפטי,אפוקליפטי
אידיאולוגיים,אידיאולוגי
ארגוניים,ארגוני
"בית""רי","בית""רי"
נידחים,נידח
טוטליטריות,טוטליטרי
קיבוצית,קיבוצי
חברתי,חברתי
מטרפת,מטרפת
קיבוצי,קיבוצי
אנושה,אנוש
יעילים,יעיל
נערץ,נערץ
פאשיסטית,פשיסטי
אגוצנטרי,אגוצנטרי
קרוב,קרוב
חברתית,חברתי
מבוססת,מבוסס
ממוקדת,ממוקד
אלים,אלים
הרסני,הרסני
עדתי,עדתי
אירוני,אירוני
צעקניות,צעקני
ישראליים,ישראלי
עמוק,עמוק
חמורה,חמור
משמעתי,משמעתי
כלכלי,כלכלי
משפחתית,משפחתי
חריפות,חריף
משמעתית,משמעתי
פלילי,פלילי
קצרה,קצר
מעורב,מעורב
כוזבות,כוזב
דרומי,דרומי
ביטחוני,בטחוני
פלשתינאית,פלסטיני
קודם,קודם
בא,בא
חגיגית,חגיגי
מגמתית,מגמתי
עניינית,ענייני
נעלמת,נעלם
כשרים,כשר
מפוקפקת,מפוקפק
משמעתיות,משמעתי
מתוקן,מתוקן
מדובר,מדובר
ארצית,ארצי
ותיקים,ותיק
עירוני,עירוני
ראשית,ראשי
מצטיין,מצטיין
בולגרי,בולגרי
מאכזבות,מאכזב
מובנת,מובן
בזבזנית,בזבזני
מיותרים,מיותר
רחוקה,רחוק
כלכלית,כלכלי
ממשלתיות,ממשלתי
מונטרי,מונטרי
חופשי,חופשי
ממשלתית,ממשלתי
סוציאל,סוציאל
שמרנית,שמרני
נועזת,נועז
חרוץ,חרוץ
חיוני,חיוני
מקצועי,מקצועי
קשוחים,קשוח
ריכוזיות,ריכוזי
מקצועיים,מקצועי
בלעדיות,בלעדי
עסקי,עסקי
ממוצע,ממוצע
ריאליים,ריאלי
כללי,כללי
צבוריים,ציבורי
ריאלי,ריאלי
גורליות,גורלי
ציבורי,ציבורי
מעטות,מעט
מתוקצב,מתוקצב
מוסדי,מוסדי
עסקיים,עסקי
ממשלתיים,ממשלתי
פרטיים,פרטי
חייב,חייב
יקר,יקר
מובהקת,מובהק
עודפים,עודף
גלויה,גלוי
חמור,חמור
קרובות,קרוב
נדירה,נדיר
חסרת,חסר
לגיטימית,לגיטימי
רפובליקאי,רפובליקני
אופורטוניסטי,אופורטוניסטי
אפקטיווי,אפקטיבי
רפובליקאית,רפובליקני
עקובים,עקוב
חם,חם
מאוחדת,מאוחד
הגון,הגון
רלוונטית,רלוונטי
אמריקאים,אמריקני
אירי,אירי
עשיר,עשיר
עברית,עברי
לטיניות,לטיני
דל,דל
מדהימה,מדהים
בכירה,בכיר
שחור,שחור
דגול,דגול
נמרץ,נמרץ
מינסוטיים,מינסוטיים
פטריוטים,פטריוט
שיטתית,שיטתי
נפסדות,נפסד
ישיר,ישיר
אישיות,אישי
מביש,מביש
פרסי,פרסי
"או""מי","או""מי"
רשמיים,רשמי
ממלכתית,ממלכתי
ראשיות,ראשי
כבדי,כבד
כובש,כובש
שווה,שווה
הולם,הולם
שוטים,שוטה
מיתממים,מיתממים
ארוך,ארוך
אזרחיים,אזרחי
כשירה,כשיר
חוזרות,חוזר
שריריות,שרירי
דיפלומטי,דיפלומטי
מלחמתית,מלחמתי
מעצמתית,מעצמתי
עקרונית,עקרוני
סעודי,סעודי
חשופים,חשוף
נועז,נועז
מוכי,מוכה
צנועה,צנוע
חריפים,חריף
הוללים,הולל
צבועים,צבוע
ישראלים,ישראלי
ציונים,ציוני
בשל,בשל
איסלמי,איסלאמי
מצומצמים,מצומצם
אדוקים,אדוק
קואליציוניים,קואליציוני
מאסיווית,מסיבי
כפול,כפול
מחליף,מחליף
בולט,בולט
בלגית,בלגי
אירופית,אירופי
עירונית,עירוני
קלה,קל
פצוע,פצוע
וותיק,ותיק
אדום,אדום
רטרואקטיווית,רטרואקטיבי
אולימפית,אולימפי
ביתי,ביתי
כבד,כבד
חלשות,חלש
חדירה,חדיר
מודאגים,מודאג
עליונה,עליון
חלש,חלש
בינונית,בינוני
קריטיים,קריטי
חוזרים,חוזר
כעוסה,כעוס
מלאה,מלא
פונדמליסטיים,פונדמליסטיים
ירדני,ירדני
רדיקליים,רדיקלי
אידיאולוגי,אידיאולוגי
ירדנית,ירדני
משולבת,משולב
פרדוקסלי,פרדוקסאלי
אופרטיווים,אופרטיבי
פורמלית,פורמאלית
עצמאי,עצמאי
איסלמים,איסלאמי
אחראי,אחראי
פנימיים,פנימי
סופי,סופי
דלה,דל
מכרעת,מכריע
מפוזר,מפוזר
חשובות,חשוב
מרוכז,מרוכז
עדינים,עדין
גרועה,גרוע
יעילה,יעיל
איזורית,אזורי
מבטיח,מבטיח
מאוחרים,מאוחר
מוראלי,מוראלי
צמוד,צמוד
מאכזב,מאכזב
מוחלטת,מוחלט
גבוהים,גבוה
פנויים,פנוי
קלות,קל
עיקשת,עיקש
גבוהי,גבוה
טכנית,טכני
מצומצם,מצומצם
מתונים,מתון
פושרת,פושר
מאוחר,מאוחר
מתונות,מתון
עתידיים,עתידי
ספציפיות,ספציפי
אטרקטיווית,אטרקטיבי
טכני,טכני
מכוערת,מכוער
יוגוסלווי,יוגוסלבי
אוטוביוגרפי,אוטוביוגרפי
מגאלומאני,מגלומני
מגאלומאנית,מגלומני
היסטורי,היסטורי
אוסטרלי,אוסטרלי
גרמניסט,גרמניסט
מודרנית,מודרני
מצוי,מצוי
מטאפיסיות,מטפיזי
ראשיים,ראשי
משניים,משני
עסוקה,עסוק
מסובכת,מסובך
טובות,טוב
קדושה,קדוש
אפשרי,אפשרי
דורסני,דורסני
אכזר,אכזר
משוללת,משולל
דתית,דתי
מוחשית,מוחשי
מתימטיות,מתמטי
מוחשיים,מוחשי
בהיר,בהיר
אמפירי,אמפירי
ספונה,ספון
רצוף,רצוף
נאמנה,נאמן
קלאסי,קלאסי
הומרי,הומרי
נוצרי,נוצרי
פגאני,פגאני
אופיינית,אופייני
קר,קר
עלובים,עלוב
תם,תם
מיומן,מיומן
מוקדם,מוקדם
גופני,גופני
שחורים,שחור
מעניין,מעניין
מעוות,מעוות
מילולי,מילולי
משופע,משופע
אוסטרליים,אוסטרלי
שכבתי,שכבתי
תרבותיות,תרבותי
פשוט,פשוט
משמעי,משמעי
מהימן,מהימן
חיוור,חיוור
פגאניות,פגאני
מערבי,מערבי
מיסטי,מיסטי
מוגזמים,מוגזם
מילולית,מילולי
שכיחים,שכיח
פיסית,פיסי
מיוחדות,מיוחד
מחמירה,מחמיר
אשמים,אשם
מעודדת,מעודד
אלקטרונית,אלקטרוני
כתובה,כתוב
אשמה,אשם
חופשית,חופשי
תלויה,תלוי
מתמדת,מתמיד
עירני,עירני
ביקורתי,ביקורתי
ליברלי,ליברלי
לאומניות,לאומני
דתיות,דתי
בכירות,בכיר
ממשיים,ממשי
סוערת,סוער
מחפירה,מחפיר
ירושלמים,ירושלמי
קבוע,קבוע
משרדי,משרדי
תקין,תקין
מכוון,מכוון
פחותים,פחות
ניהוליות,ניהולי
חוקית,חוקי
פראית,פראי
פלילת,פלילת
משמעית,משמעי
פנימית,פנימי
תקציבית,תקציבי
חלופי,חלופי
ציבוריות,ציבורי
חילופי,חילופי
זהירה,זהיר
קובנית,קובני
אתניות,אתני
פתוחים,פתוח
חדשות,חדש
נופית,נופי
בנויים,בנוי
ארציות,ארצי
מחוזיות,מחוזי
ייחודיים,ייחודי
מגוונים,מגוון
באות,בא
שגויות,שגוי
אחידים,אחיד
אדירים,אדיר
סגורים,סגור
יעיל,יעיל
הולמת,הולם
משפטי,משפטי
ודאית,ודאי
לאומיות,לאומי
מוצעת,מוצע
תעשייתי,תעשייתי
שנתי,שנתי
קלאסית,קלאסי
רגיל,רגיל
מעוניינים,מעוניין
מהותיים,מהותי
עצמאית,עצמאי
חשבונאית,חשבונאי
ראשוניות,ראשוני
אווירית,אווירי
נוספת,נוסף
מהותי,מהותי
ארוכות,ארוך
ריכוזי,ריכוזי
עותמני,עותומאני
פרטיות,פרטי
עותמנית,עותומאני
פרטית,פרטי
עיקריים,עיקרי
כלכליות,כלכלי
עסקיות,עסקי
ארצישראלי,ארצישראלי
מועט,מועט
תעשייתית,תעשייתי
חקלאית,חקלאי
חדישות,חדיש
זעיר,זעיר
זעירה,זעיר
כלכליים,כלכלי
אזורי,אזורי
סודי,סודי
מחוזי,מחוזי
חמורות,חמור
חוקיים,חוקי
רווחי,רווחי
מאולצת,מאולץ
מוטעים,מוטעה
בנקאית,בנקאי
חיצוניות,חיצוני
אפור,אפור
דולרית,דולרי
בטיחותיים,בטיחותי
אסתטיים,אסתטי
זמני,זמני
אירופיות,אירופי
משמעותי,משמעותי
מסחרי,מסחרי
מקבילה,מקביל
נטו,נטו
נמוך,נמוך
חודשי,חודשי
חקלאי,חקלאי
עליון,עליון
מקומיות,מקומי
קודמת,קודם
חומרי,חומרי
עיסקיים,עסקי
שוטפים,שוטף
דחופים,דחוף
אחיד,אחיד
ליברלית,ליברלי
הרת,הרה
שנתית,שנתי
נמרצות,נמרץ
מודאג,מודאג
אסטרטגי,אסטרטגי
מודאגת,מודאג
עיראקי,עיראקי
מודיעיני,מודיעיני
מרכזיות,מרכזי
הדוק,הדוק
נודעת,נודע
אביבית,אביבי
פומבית,פומבי
מצומצמת,מצומצם
קואליציוני,קואליציוני
חוקי,חוקי
מקובלים,מקובל
סטטוטורי,סטטוטורי
מחייבים,מחייב
וולונטרית,וולונטרי
אחידה,אחיד
נמוכה,נמוך
ברורה,ברור
קבועות,קבוע
"בי""ל","בי""ל"
בסיסיות,בסיסי
ידועים,ידוע
נכונות,נכון
אומלל,אומלל
מוקפא,מוקפא
ייעודיים,ייעודי
מסחריים,מסחרי
עסקית,עסקי
ריאליות,ריאלי
דומות,דומה
מקורות,מקורה
הידרותרפיים,הידרותרפי
סמוכים,סמוך
קיבוציות,קיבוצי
כספיים,כספי
בינלאומי,בינלאומי
הדדית,הדדי
הדדיות,הדדי
חוצפנית,חוצפן
זרים,זר
הולנדיים,הולנדי
מפעלית,מפעלי
משפטיות,משפטי
קשורה,קשור
ארציים,ארצי
יחודיים,ייחודי
וותיקה,ותיק
שבועיות,שבועי
עתיקה,עתיק
דמוי,דמוי
קנדיים,קנדי
ישנים,ישן
נרחבים,נרחב
קצובה,קצוב
מוגדלים,מוגדל
משוחרררים,משוחרררים
מוגדל,מוגדל
שבועית,שבועי
מעטה,מעט
משוחררים,משוחרר
מקצועית,מקצועי
דרומית,דרומי
מזוינת,מזוין
משטרתית,משטרתי
כבדה,כבד
לבושה,לבוש
מוסלמית,מוסלמי
מסורתית,מסורתי
סגולה,סגול
משפטית,משפטי
מפורשת,מפורש
כתובים,כתוב
קשור,קשור
סידורי,סידורי
טלוויזיוניים,טלוויזיוני
הצהרתי,הצהרתי
מפעלי,מפעלי
אקטוארי,אקטוארי
מקיפה,מקיף
עתירת,עתיר
פעילה,פעיל
חודשית,חודשי
סוציאליים,סוציאלי
קיימים,קיים
נטולי,נטול
מחמירים,מחמיר
הדוקה,הדוק
תרבותיים,תרבותי
אקדמאיים,אקדמאי
פיננסי,פיננסי
יזומה,יזום
מרוכזת,מרוכז
פרטניות,פרטני
לטינית,לטיני
שלטת,שליט
אירית,אירי
ידועה,ידוע
מעשיות,מעשי
מוסרית,מוסרי
יוקרתית,יוקרתי
חריף,חריף
עגומה,עגום
ענפיים,ענפי
אומללים,אומלל
ייחודיות,ייחודי
הישגי,הישגי
תקנוני,תקנוני
כספיות,כספי
אולימפיות,אולימפי
אולימפי,אולימפי
נפלאה,נפלא
אופטימי,אופטימי
אובייקטיווית,אובייקטיבי
אטרקטיווים,אטרקטיבי
אפשריות,אפשרי
צהוב,צהוב
ביתיים,ביתי
בולטת,בולט
תמוהה,תמוה
יתום,יתום
ירוקים,ירוק
יציבה,יציב
איטלקית,איטלקי
ארגנטיני,ארגנטינאי
סורר,סורר
סדירה,סדיר
באים,בא
בודד,בודד
רצופים,רצוף
חולף,חולף
דני,דני
דרמטיות,דרמטי
יחידות,יחיד
ממשי,ממשי
צמודות,צמוד
בלעדית,בלעדי
וורודה,ורוד
סימפטית,סימפתי
נדיר,נדיר
מרשים,מרשים
ניצחית,נצחי
מעודד,מעודד
שפוף,שפוף
מעורער,מעורער
אופייניים,אופייני
גלויות,גלוי
חשובה,חשוב
עורפי,עורפי
חדיר,חדיר
דפנסיווי,דפנסיבי
התקפי,התקפי
פשוטות,פשוט
איכותי,איכותי
קבוצתי,קבוצתי
תמימי,תמים
מצויים,מצוי
שנוי,שנוי
קלוש,קלוש
בוגרות,בוגר
יעילות,יעיל
אכזרית,אכזרי
מסויים,מסוים
מבוטלת,מבוטל
טרוד,טרוד
טקטיות,טקטי
מנוגדות,מנוגד
עצבנית,עצבני
מתוחה,מתוח
אמיתיים,אמיתי
ספורטיווית,ספורטיווית
שלם,שלם
נוחים,נוח
מאוכזבים,מאוכזב
ירודה,ירוד
מוגברת,מוגבר
דלילה,דליל
קרירה,קריר
אירופי,אירופי
רבי,רב
אנוכי,אנוכי
נהדר,נהדר
נקייה,נקי
מטורפת,מטורף
אשדודי,אשדודי
ירוד,ירוד
קולני,קולני
ספורטיבי,ספורטיבי
הגנתי,הגנתי
לבנה,לבן
חלשה,חלש
משעמם,משעמם
מנוסה,מנוסה
חיוניים,חיוני
חיובית,חיובי
מתקדם,מתקדם
תכופות,תכוף
מתוכננת,מתוכנן
צרורה,צרור
ספורות,ספור
פרימיטיבית,פרימיטיבי
צעקן,צעקן
מדויק,מדויק
ראויה,ראוי
מתוסכלים,מתוסכל
בלום,בלום
פעוט,פעוט
טורדני,טורדני
בסיסיים,בסיסי
נצחית,נצחי
מדויקת,מדויק
עתידי,עתידי
מזערי,מזערי
צעירה,צעיר
שאפתנית,שאפתן
אדירה,אדיר
לוונטינים,לוונטיני
אידיאולוגיות,אידיאולוגי
משמעותית,משמעותי
רוסיה,רוסי
אינטליגנטית,אינטליגנטי
טפשים,טיפש
קרייריסטית,קרייריסטית
אגרסיווית,אגרסיבי
ארוגנטית,ארוגנטי
קומית,קומי
לבביים,לבבי
קאמרי,קאמרי
עיתונאית,עיתונאי
ממוצעת,ממוצע
אוטוביוגרפית,אוטוביוגרפי
פורמלי,פורמאלי
טיפוסי,טיפוסי
ירודות,ירוד
קומי,קומי
מצחיקה,מצחיק
מייצג,מייצג
קהילתיים,קהילתי
בודדים,בודד
קצבית,קצבי
רווקה,רווק
מלכותית,מלכותי
מושלם,מושלם
מוסיקלי,מוזיקלי
הוליוודיות,הוליוודי
סוער,סוער
רומנטי,רומנטי
צמודת,צמוד
גמישים,גמיש
יסודי,יסודי
מורכבים,מורכב
מוזרים,מוזר
מוזר,מוזר
מתוקנת,מתוקן
מזרחי,מזרחי
סולידי,סולידי
חזויה,חזוי
נמוכות,נמוך
פרואני,פרואני
מרוששת,מרושש
מוכת,מוכה
יפאני,יפני
מצוינת,מצוין
מושלמת,מושלם
הדור,הדור
מלוטש,מלוטש
דחוסה,דחוס
חורגת,חורג
ארוטי,ארוטי
ארוטיות,ארוטי
דקדקני,דקדקני
מיניות,מיני
גופנית,גופני
משפחתי,משפחתי
צרוף,צרוף
וודאי,ודאי
אדוק,אדוק
קולקטיוויסטיות,קולקטיוויסטיות
ממלכתיות,ממלכתי
מודרניות,מודרני
טרגי,טרגי
חורג,חורג
עבותה,עבות
מורכבת,מורכב
מאושרת,מאושר
כאובה,כאוב
מאופקת,מאופק
חושנית,חושני
פתוחות,פתוח
פדרלית,פדרלי
סוציאלית,סוציאלי
מוארכת,מוארך
טורקי,תורכי
טורקיות,תורכי
טורקייה,תורכי
סותרות,סותר
פסיכיאטריות,פסיכיאטרי
מסוכנות,מסוכן
רפואית,רפואי
ברלינאית,ברלינאי
מרדניות,מרדני
עמוסה,עמוס
מינית,מיני
אוראלי,אוראלי
אנאלי,אנאלי
סטטיסטיים,סטטיסטי
מדויקים,מדויק
אמפירית,אמפירי
גרמניים,גרמני
מיני,מיני
רחבה,רחב
טורקיים,תורכי
מיומנות,מיומן
כספית,כספי
אורתודוקסי,אורתודוקסי
קפדני,קפדני
נשואה,נשוי
חדת,חד
מתוקנות,מתוקן
כחוש,כחוש
מפוסטר,מפוסטר
עשוי,עשוי
עשויה,עשוי
רזה,רזה
דרוש,דרוש
יומית,יומי
מעשית,מעשי
ממושכת,ממושך
נכונים,נכון
נאותים,נאות
תקינה,תקין
פשוטים,פשוט
קונוונציונלית,קונבנציונלי
בריאותי,בריאותי
תפקודי,תפקודי
קוסמטי,קוסמטי
רגעית,רגעי
רכה,רך
נינוחה,נינוח
חלודים,חלוד
מסובך,מסובך
מותאם,מותאם
מכני,מכאני
נפשיים,נפשי
חשובים,חשוב
מרובה,מרובה
מתאימה,מתאים
אימתני,אימתני
נאים,נאה
צר,צר
עצומות,עצום
חסין,חסין
נזעמת,נזעם
מוזנח,מוזנח
פיסיולוגי,פיזיולוגי
שכלי,שכלי
כהים,כהה
בהירים,בהיר
חדים,חד
חמים,חם
אדומים,אדום
כתומים,כתום
חומים,חום
אקטיוויות,אקטיבי
קרים,קר
כחול,כחול
פאסיוויות,פסיבי
אנושיים,אנושי
סבילה,סביל
רדומים,רדום
כתום,כתום
הדרגתיים,הדרגתי
כהה,כהה
נעימה,נעים
סגול,סגול
משתנים,משתנה
תלמודית,תלמודי
עתיק,עתיק
שגרתיים,שגרתי
הולמים,הולם
עצומים,עצום
פסיכיאטריים,פסיכיאטרי
מתאימים,מתאים
פטריוטי,פטריוטי
מייגע,מייגע
אמריקנית,אמריקני
נאור,נאור
ישנות,ישן
פלשתינים,פלסטיני
רציניות,רציני
אטומי,אטומי
רגשית,רגשי
נפשית,נפשי
מירבי,מרבי
אתיופית,אתיופי
אמביוולנטיים,אמביוולנטי
איטלקי,איטלקי
יוונית,יווני
פורחת,פורח
רדומה,רדום
מואץ,מואץ
מואצת,מואץ
ספורים,ספור
עמוסים,עמוס
איטיים,איטי
פאשיסטי,פשיסטי
שרירותי,שרירותי
אזרחית,אזרחי
תקציבי,תקציבי
מרשימה,מרשים
אוטונומיים,אוטונומי
ממלכתי,ממלכתי
בריאים,בריא
פרלמנטרית,פרלמנטרי
טהורה,טהור
נוצרית,נוצרי
ניכרת,ניכר
סוציאליסטית,סוציאליסטי
דרושים,דרוש
יפהפיה,יפיפה
מנוח,מנוח
שיטתי,שיטתי
אקדמיות,אקדמי
מביך,מביך
פדראליים,פדראלי
מדינתיים,מדינתי
קשים,קשה
אקדמית,אקדמי
נוצריים,נוצרי
חוזר,חוזר
זהים,זהה
ביבליוגראפית,ביבליוגראפי
מתוכננים,מתוכנן
אוטוביוגראפי,אוטוביוגרפי
מוגנות,מוגן
זהות,זהה
שייכות,שייך
חיוביות,חיובי
טריים,טרי
קלופים,קלוף
מצוינים,מצוין
יבשה,יבש
חזקות,חזק
רצחנית,רצחני
מבולבלים,מבולבל
ברורות,ברור
טהור,טהור
מפוחדים,מפוחדים
מבוגרת,מבוגר
יגע,יגע
מיתית,מיתי
עטופת,עטוף
דק,דק
סקרן,סקרן
הומוריסטי,הומוריסטי
דידאקטי,דידקטי
אדומות,אדום
אבוד,אבוד
דמיוני,דמיוני
פעיל,פעיל
חיות,חי
משוריינת,משוריין
חסומה,חסום
רומנטיות,רומנטי
רגישות,רגיש
קבועה,קבוע
משעשעות,משעשע
עקיף,עקיף
חדישה,חדיש
משוכללת,משוכלל
טחוב,טחוב
מעולפים,מעולף
דמונית,דמוני
דמיונית,דמיוני
אקולוגי,אקולוגי
חי,חי
אמיתיות,אמיתי
מעורערת,מעורער
חדיש,חדיש
ממדי,ממדי
ממוחשב,ממוחשב
פלסטי,פלסטי
ענק,ענק
מותחם,מתח
כריזמטית,כריזמטי
רעה,רע
מעולים,מעולה
מגונים,מגונה
ססגוני,ססגוני
שחוקים,שחוק
דמוגרפית,דמוגרפי
צבעונית,צבעוני
בוהק,בוהק
ברורים,ברור
טיפוסית,טיפוסי
תפעולית,תפעולית
פתלתלים,פתלתל
מופתי,מופתי
מוצעות,מוצע
דליל,דליל
שכן,שכן
וותיקים,ותיק
מהירה,מהיר
פנוי,פנוי
רחב,רחב
חשמלית,חשמלי
מחודש,מחודש
צפונית,צפוני
ליבראלים,ליברלי
כלליות,כללי
כרוכות,כרוך
ממדיות,ממדי
עשויות,עשוי
תפוחים,תפוח
צהובים,צהוב
יבשים,יבש
שקופות,שקוף
הנדסיות,הנדסי
מבוקשת,מבוקש
סחוטה,סחוט
קטנות,קטן
דקיקות,דקיק
חיצוניים,חיצוני
ניכרים,ניכר
תקציביים,תקציבי
נבון,נבון
זולות,זול
חשמליים,חשמלי
נמוכים,נמוך
נוח,נוח
רעיל,רעיל
בטיחותי,בטיחותי
מסוכנים,מסוכן
גאה,גאה
"ז""ל","ז""ל"
עטוף,עטוף
נבוכים,נבוך
המומים,המום
ססגונית,ססגוני
מעניינת,מעניין
מרתקת,מרתק
בוהקים,בוהק
אטומים,אטום
זול,זול
מכריע,מכריע
צבוע,צבוע
תעשייתיים,תעשייתי
עשויים,עשוי
גרועים,גרוע
טרופית,טרופי
רך,רך
דקות,דק
משומש,משומש
סביבתיות,סביבתי
קלים,קל
נוחה,נוח
עמיד,עמיד
מעובדות,מעובד
נדירות,נדיר
דביק,דביק
עבות,עבה
נוגדים,נוגד
מהודקת,מהודק
אמיתית,אמיתי
דקה,דק
צרים,צר
אופייניות,אופייני
דחוס,דחוס
עבה,עבה
מועגלים,מועגלים
יקרה,יקר
חבויים,חבוי
מינימליות,מינימאלי
מתקדמים,מתקדם
סטנדרדיים,סטנדרדיים
מחמירות,מחמיר
משטרתי,משטרתי
אחורי,אחורי
זכאים,זכאי
חשאית,חשאי
הדוקים,הדוק
פאשיסטיים,פשיסטי
סובייטי,סובייטי
חשאיים,חשאי
ידועות,ידוע
היסטורית,היסטורי
פתורה,פתור
פזיזים,פזיז
חזקים,חזק
חלשים,חלש
תקועים,תקוע
הגונה,הגון
ארוכת,ארוך
המונית,המוני
מרושלת,מרושל
נרגשות,נרגש
רכים,רך
הכרחיות,הכרחי
חברתיים,חברתי
חינוכיים,חינוכי
שטחית,שטחי
ראוותנית,ראוותני
בוגרי,בוגר
שקועה,שקוע
מהולה,מהל
מהירי,מהיר
מחושב,מחושב
מבוססים,מבוסס
חולפת,חולף
מוחלשים,מוחלש
לכודה,לכוד
פעמי,פעמי
מושכים,מושך
ותיקה,ותיק
יחודית,ייחודי
כנה,כן
גדוש,גדוש
מצרית,מצרי
אסור,אסור
מושחתת,מושחת
פליליות,פלילי
יאות,יאות
מדיניות,מדיני
מבוססות,מבוסס
איטלקים,איטלקי
קונוונציונליים,קונבנציונלי
סעודית,סעודי
ידידותית,ידידותי
כווייתיים,כוויתי
טריטוריאליות,טריטוריאלי
עקובה,עקוב
מאסיווי,מסיבי
גולמי,גולמי
נהירה,נהיר
יסודית,יסודי
הולמות,הולם
כורדית,כורדי
מוגמרת,מוגמר
סגורות,סגור
רחוקות,רחוק
רחבות,רחב
מיושנות,מיושן
נדכאים,נדכא
פונדמנטליסטיות,פונדמנטליסטי
גזענית,גזעני
שמרני,שמרני
נהירים,נהיר
שלמים,שלם
טורקית,תורכי
פליליים,פלילי
שמרנים,שמרן
פיננסית,פיננסי
פטריארכלית,פטריארכלי
מועטה,מועט
פחותות,פחות
סוציאליות,סוציאלי
יומיות,יומי
עטור,עטור
רבועים,רבוע
בודדה,בודד
איראניים,איראני
בטוחות,בטוח
איסלאמים,איסלאמי
איסלאמיים,איסלאמי
דיפלומטיים,דיפלומטי
מוזלים,מוזל
הדורים,הדור
צבעוניות,צבעוני
סרוג,סרוג
מבוקשות,מבוקש
מרוכסנות,מרוכסן
משובצות,משובץ
אסתטי,אסתטי
צבעוניים,צבעוני
זוהרים,זוהר
סינתטית,סינטטי
הדורה,הדור
קלאסיות,קלאסי
קמיטים,קמיט
אזוריות,אזורי
סעודיים,סעודי
אבסולוטית,אבסולוטי
אידיאולוגית,אידיאולוגי
דרמטית,דרמטי
נבונה,נבון
מתאים,מתאים
איטית,איטי
מוטעה,מוטעה
סנדיניסטית,סנדיניסטי
סנדיניסטי,סנדיניסטי
ליגלי,לגאלי
חקלאיים,חקלאי
קלושים,קלוש
לוגיסטית,לוגיסטי
ישירות,ישיר
כוזב,כוזב
מהותית,מהותי
מרבי,מרבי
צנוע,צנוע
שמאלניים,שמאלני
אחראיות,אחראי
מהפכנית,מהפכן
אינדיאנית,אינדיאני
אחורית,אחורי
הידראולית,הידראולי
ספציפי,ספציפי
זמנית,זמני
בעייתיים,בעייתי
סובייטית,סובייטי
יתרה,יתרה
חמות,חם
עתיר,עתיר
שוות,שווה
שליליים,שלילי
כפרית,כפרי
פורנוגראפיים,פורנוגרפי
עובדתית,עובדתי
זוטרים,זוטר
זוטר,זוטר
זדוני,זדוני
פסיכית,פסיכי
ישרה,ישר
שקריות,שקרי
נטויה,נטוי
מתורבתת,מתורבת
ידוע,ידוע
מרושעות,מרושע
מטאפיסית,מטפיזי
אורווליאנית,אורווליאני
בוטה,בוטה
מקוטעת,מקוטע
מנוול,מנוול
זדוניות,זדוני
וודאית,ודאי
אפלות,אפל
כואבות,כואב
מופלאות,מופלא
עמוקות,עמוק
שמיימיות,שמימי
סוררים,סורר
נכבדים,נכבד
נפתלים,נפתל
מלאי,מלא
קפדן,קפדן
כבדות,כבד
מוריצית,מוריצית
אפלים,אפל
קונדסי,קונדסי
ברוך,ברוך
שנתיים,שנתי
שוטף,שוטף
מוסדיים,מוסדי
אוטונומית,אוטונומי
טטרים,טטארי
רוסית,רוסי
עתידה,עתיד
טטרי,טטרי
פדרטיווי,פדרטיבי
רופף,רופף
כרוך,כרוך
מונגולי,מונגולי
שקט,שקט
נושנה,נושן
איום,איום
המומה,המום
דמוית,דמוי
אורתודוקסית,אורתודוקסי
טטריות,טטרי
טטרית,טטרי
תעשייתיות,תעשייתי
טטריים,טטרי
גרנדיוזיות,גרנדיוזי
להוטה,להוט
רוסים,רוסי
רומאית,רומאי
סימפאטים,סימפתי
תיאטרלי,תיאטרלי
שייך,שייך
ותיק,ותיק
רומנטים,רומנטים
חדשימישנים,חדשימישנים
חתום,חתום
חביבים,חביב
עגומים,עגום
סימפאטי,סימפתי
חביב,חביב
סגרירי,סגרירי
צבאיות,צבאי
יזומות,יזום
שיעי,שיעי
שיעית,שיעי
סורית,סורי
לבנוניים,לבנוני
לבנונית,לבנוני
מוצלח,מוצלח
כדאי,כדאי
מוסיקלית,מוזיקלי
נעדר,נעדר
נוקשה,נוקשה
נקישתי,נקישה
דומיננטית,דומיננטי
תקשורתית,תקשורתי
חמה,חם
מרשימים,מרשים
תיאטרלית,תיאטרלי
מלווה,מלווה
מנייריסטית,מנייריסטי
צעקנית,צעקני
פומביות,פומבי
אימפרסיוניסטיים,אימפרסיוניסטי
יפאנית,יפני
סינית,סיני
קדומות,קדום
בודהיסטית,בודהיסטי
עיקריות,עיקרי
יפאניות,יפני
סיניות,סיני
קדומים,קדום
יפאניים,יפני
מסורתיים,מסורתי
מערביות,מערבי
ניסויית,ניסויי
מצודדת,מצודד
יקרות,יקר
אימפרסיוניסטיות,אימפרסיוניסטי
שוליות,שולי
מבצעית,מבצעי
מבצעי,מבצעי
ערים,ער
פיקודי,פיקודי
זמינים,זמין
טריטוריאלית,טריטוריאלי
מובחרות,מובחר
סמויה,סמוי
קבועים,קבוע
סמנטי,סמנטי
מעורים,מעורה
מיניסטריאלית,מיניסטריאלי
רווחת,רווח
אופרטיוויות,אופרטיבי
מבינות,מבין
מיניסטריאלי,מיניסטריאלי
שיטתיים,שיטתי
מבצעיות,מבצעי
אמין,אמין
אופרטיווית,אופרטיבי
משטרתיים,משטרתי
מבצעיים,מבצעי
מוגבר,מוגבר
סוציאלי,סוציאלי
עקרוני,עקרוני
קדומה,קדום
ממלכתיים,ממלכתי
הסתדרותית,הסתדרותי
מנוחים,מנוח
מופרז,מופרז
צמודה,צמוד
רווחית,רווחי
תחרותי,תחרותי
ניהולי,ניהולי
קבילים,קביל
תחתון,תחתון
קבילה,קביל
פסול,פסול
מתמיד,מתמיד
הדרגתית,הדרגתי
סיטוני,סיטונאי
נגדית,נגדי
הוגן,הוגן
פחותה,פחות
נחוצה,נחוץ
נזיל,נזיל
ריכוזיים,ריכוזי
עתידית,עתידי
מקבילות,מקביל
אובייקטיווי,אובייקטיבי
אנגלו,אנגלו
אקדמיים,אקדמי
אקדמי,אקדמי
מכובד,מכובד
אבסורדי,אבסורדי
תקציביות,תקציבי
מחקריים,מחקרי
עשירים,עשיר
מסובסדות,מסובסד
נזקקים,נזקק
פסיכומטריות,פסיכומטרי
חלקיים,חלקי
נכסף,נכסף
דמגוגיות,דמגוגי
נדרש,נדרש
טכנולוגי,טכנולוגי
אסטראטגי,אסטרטגי
תיכונית,תיכוני
עיראקיים,עיראקי
עיראקית,עיראקי
רגועים,רגוע
סובייטיים,סובייטי
תמוה,תמוה
סגורה,סגור
עיוניות,עיוני
ירושלמיים,ירושלמי
צנועות,צנוע
פוטנציאליים,פוטנציאלי
שלילית,שלילי
פרימיטיווי,פרימיטיבי
אפסית,אפסי
יחידי,יחידי
עכור,עכור
נרגזים,נרגז
חדות,חד
ממורמרים,ממורמר
חתומות,חתום
צמאי,צמא
צדדית,צדדי
מוזרות,מוזר
חיונית,חיוני
מציאותיים,מציאותי
מזוין,מזוין
הנהגתי,הנהגתי
ריבונית,ריבוני
מתונה,מתון
רופפת,רופף
הכרחי,הכרחי
ארטילרי,ארטילרי
אסטראטגיות,אסטרטגי
אסטראטגית,אסטרטגי
ביורוקרטית,ביורוקרטי
אופרטיווי,אופרטיבי
אסטראטגיים,אסטרטגי
מיותרות,מיותר
בריטיים,בריטי
צרפתיים,צרפתי
גרעיניות,גרעיני
מזרחית,מזרחי
כירורגית,כירורגית
אמור,אמור
עיוורת,עיוור
רשלנית,רשלני
מלאכותיים,מלאכותי
צלולה,צלול
גיאולוג,גיאולוג
חיובי,חיובי
מפלגתי,מפלגתי
מלכותי,מלכותי
הינדית,הינדית
ישנה,ישן
סוערות,סוער
חוקתי,חוקתי
מכוונת,מכוון
מביכה,מביך
דחופה,דחוף
וולונטארי,וולונטארי
נחוצים,נחוץ
נהוגים,נהוג
התאבדותית,התאבדותית
כרוני,כרוני
פסיכיאטרי,פסיכיאטרי
רפואיים,רפואי
אלימה,אלים
רפואי,רפואי
אובססיווית,אובססיווית
פדראלית,פדראלי
אלקטרוני,אלקטרוני
תיכוניים,תיכוני
חלופיים,חלופי
מבודד,מבודד
מצרי,מצרי
נרחב,נרחב
מצריות,מצרי
איסלאמיות,איסלאמי
ביוכימי,ביוכימי
סרטניים,סרטני
אנדוקרינולוגי,אנדוקרינולוגי
אפקטיוויות,אפקטיבי
מדעי,מדעי
משוערת,משוער
מירבית,מירבית
חריג,חריג
מסחרית,מסחרי
סרטניות,סרטני
מדויקות,מדויק
מזעריות,מזערי
ערומים,ערום
חיסונית,חיסוני
מגנטית,מגנטי
זמין,זמין
מידית,מידית
קליניות,קליני
לבנוני,לבנוני
היסטוריות,היסטורי
תקפות,תקף
מחייבות,מחייב
משמעותיות,משמעותי
אלטרנטיוויים,אלטרנטיבי
דחוף,דחוף
חופי,חופי
חליפי,חליפי
לבבית,לבבי
אדירות,אדיר
סודיות,סודי
ימי,ימי
שסועה,שסוע
בדלנית,בדלני
מעמדית,מעמדי
מאושר,מאושר
כיתתי,כיתתי
הודית,הודי
הודי,הודי
מצחיק,מצחיק
פרלמנטארית,פרלמנטרי
בדלני,בדלני
ספרתי,ספרתי
נורווגי,נורבגי
בורמזים,בורמזי
תאילנדית,תאילנדי
הודיים,הודי
בורמזי,בורמזי
המוניות,המוני
קטלנית,קטלני
חמורים,חמור
מפורש,מפורש
אמינה,אמין
עמידים,עמיד
ארסית,ארסי
פלשתינאים,פלסטיני
רפורמי,רפורמי
פלשתינאיים,פלסטיני
טלפוני,טלפוני
צריך,צריך
פוטנציאלי,פוטנציאלי
דרוזים,דרוזי
טרוריסטי,טרוריסט
טיפוליות,טיפולי
תומכת,תומך
אינטנסיווית,אינטנסיווית
לקוי,לקוי
טיפולית,טיפולי
סופית,סופי
נגדי,נגדי
קלינית,קליני
שווייצריים,שווייצריים
מדעית,מדעי
אפידמיולוגיים,אפידמיולוגיים
גשומה,גשום
בעייתיות,בעייתי
התקפית,התקפי
רציניים,רציני
איתנים,איתן
איתנה,איתן
קריטיות,קריטי
נוקשות,נוקשה
קרקעית,קרקעי
ימית,ימי
מלחמתיות,מלחמתי
גזעיים,גזעי
לבנים,לבן
סוריים,סורי
מצריים,מצרי
דיפלומטיות,דיפלומטי
ירוקות,ירוק
מגנטיים,מגנטי
אזרחי,אזרחי
עממית,עממי
נכבד,נכבד
פורמאלית,פורמאלי
פרופורציונאלי,פרופורציונלי
דרושות,דרוש
אירופיים,אירופי
סיטונאיים,סיטונאי
סיטונאית,סיטונאי
זהה,זהה
איתן,איתן
וותיקות,ותיק
סטנדרטי,סטנדרטי
פשטניות,פשטני
רוויות,רווי
שיכורים,שיכור
פצועים,פצוע
הונגרים,הונגרי
ארעיים,ארעי
מאוחדות,מאוחד
סגלגלות,סגלגל
עשירה,עשיר
נאות,נאות
כווייתי,כוויתי
סדיר,סדיר
מיועדים,מיועד
משמעותיים,משמעותי
בנוי,בנוי
הולנדית,הולנדי
מסוגנן,מסוגנן
יוקרתיים,יוקרתי
מתוק,מתוק
עצבני,עצבני
הונגרי,הונגרי
יהודיה,יהודי
אופייני,אופייני
גמיש,גמיש
זריז,זריז
שאפתן,שאפתן
שקול,שקול
תכליתי,תכליתי
רצופות,רצוף
וירטואוזי,וירטואוז
סוערים,סוער
