קהל,קהל
סוף,סוף
ערבי,ערבי
יהודים,יהודי
זוב,זב
דם,דם
אנשי,איש
מג"ב,מג"ב
פצוע,פצוע
עזרה,עזרה
אמבולנס,אמבולנס
דלתות,דלת
ידיים,יד
רגליים,רגל
פח,פח
רכב,רכב
שוטר,שוטר
חייל,חייל
מתפרעים,מתפרע
שיווי,שיווי
משקל,משקל
קרקע,קרקע
רחבה,רחבה
בית,בית
עלמין,עלמין
הר,הר
מנוחות,מנוחה
אבנים,אבן
קול,קול
מנכ"ל,מנכ"ל
רמקול,רמקול
קריאות,קריאה
הלווייה,הלוויה
כולנו,כול
איש,איש
מוות,מוות
ערבים,ערבי
שמאלנים,שמאלן
ארון,ארון
מכונית,מכונית
חברה,חברה
דחיפות,דחיפות
צעקות,צעקה
קבר,קבר
קדיש,קדיש
אמן,אמן
מסע,מסע
נקמה,נקמה
כוונת,כוונת
עת,עת
מנהיגים,מנהיג
רצח,רצח
חלקים,חלק
ציבור,ציבור
אורך,אורך
ציר,ציר
תוכניות,תוכנית
ימים,יום
סופר,סופר
ארץ,ארץ
צפון,צפון
יריות,ירייה
שעה,שעה
ערב,ערב
ראש,ראש
עירייה,עירייה
כוחות,כוח
משטרה,משטרה
ראשות,ראשות
מפקד,מפקד
מרחב,מרחב
גליל,גליל
ניצב,ניצב
חקירה,חקירה
סריקות,סריקה
עיר,עיר
יציאות,יציאה
מחסומים,מחסום
תושבים,תושב
סוג,סוג
לוחיות,לוחית
זיהוי,זיהוי
מקום,מקום
ועד,ועד
ראשי,ראש
רשויות,רשות
חשש,חשש
קיצונים,קיצוני
בעלי,בעל
תפקידים,תפקיד
מגזר,מגזר
חברי,חבר
ניסיונות,ניסיון
פגיעה,פגיעה
אדם,אדם
רעולי,רעול
פנים,פנים
מקורות,מקור
חיילי,חייל
תיירת,תייר
אירועי,אירוע
שבוע,שבוע
שטחים,שטח
אורח,אורח
תקריות,תקרית
רצועת,רצועה
רצועה,רצועה
בן,בן
תושב,תושב
חנון,חנון
ירי,ירי
כדורים,כדור
כדורי,כדור
גומי,גומי
פלסטיק,פלסטיק
שאר,שאר
גז,גז
ילדים,ילד
גיל,גיל
נשים,איש
הריון,הריון
נציג,נציג
דובר,דובר
פיקוד,פיקוד
דרום,דרום
עוצר,עוצר
עיירה,עיירה
מקומות,מקום
גורם,גורם
צבא,צבא
התפרצות,התפרצות
התנגשויות,התנגשות
דבר,דבר
פעיל,פעיל
אגף,אגף
חקירות,חקירה
כלא,כלא
כרוז,כרוז
יום,יום
הסלמה,הסלמה
מחנות,מחנה
פליטים,פליט
משטרת,משטרה
מוטות,מוט
ברזל,ברזל
שמשות,שמשה
פנסים,פנס
כלי,כלי
סגן,סגן
נפת,נפה
עיקר,עיקר
מהומות,מהומה
אזור,אזור
פצועים,פצוע
שכונות,שכונה
חאן,ח'אן
שייח,שייח
בקבוקי,בקבוק
תבערה,תבערה
סיורים,סיור
בקבוקים,בקבוק
נפגעים,נפגע
רקע,רקע
חשד,חשד
שיתוף,שיתוף
פעולה,פעולה
שלטונות,שלטון
דקירות,דקירה
סכין,סכין
מחנה,מחנה
אלמונים,אלמוני
חלד,חלד
פי,פה
דיר,דיר
ביה"ח,בי"ח
תל,תל
שומר,שומר
שרות,שרות
בתי,בית
סוהר,סוהר
נסיבות,נסיבה
חקלאי,חקלאי
אב,אב
קרעים,קרע
שמיכה,שמיכה
רופא,רופא
שביתה,שביתה
שנה,שנה
הצהרת,הצהרה
שטחי,שטח
גדה,גדה
אירועים,אירוע
מרכז,מרכז
שוק,שוק
ירקות,ירק
כפר,כפר
טול,טול
כרם,כרם
סכינים,סכין
ד"ר,ד"ר
מצב,מצב
בקבוק,בקבוק
כוח,כוח
משמר,משמר
גבול,גבול
רחבת,רחבה
כנסיית,כנסייה
מולד,מולד
לחם,לחם
נזק,נזק
תוצאה,תוצאה
זריקת,זריקה
אוטובוס,אוטובוס
חלחול,חלחול
שר,שר
ביטחון,ביטחון
ביקור,ביקור
דיווחים,דיווח
התפרעויות,התפרעות
רציפות,רציפות
מפקדי,מפקד
שעתיים,שעה
סקירות,סקירה
אלוף,אלוף
שעות,שעה
בוקר,בוקר
חיילים,חייל
קצין,קצין
יומיים,יום
מלחמה,מלחמה
מרדף,מרדף
צעיר,צעיר
אבן,אבן
אופן,אופן
עין,עין
פגיעת,פגיעה
רימון,רימון
ידי,יד
מיניבוס,מיניבוס
שכונת,שכונה
עזרת,עזרה
זגוגיות,זגוגית
מכוניות,מכונית
חלונות,חלון
בדיקה,בדיקה
מעשה,מעשה
קרב,קרב
סיור,סיור
מהלך,מהלך
ספר,ספר
אש,אש
פעם,פעם
חודש,חודש
הערכת,הערכה
גורמים,גורם
סטודנטים,סטודנט
אוניברסיטת,אוניברסיטה
ביר,בייר
זית,זית
מכות,מכה
יחידה,יחידה
קבוצה,קבוצה
ק"ם,ק"ם
התנחלות,התנחלות
צעירים,צעיר
קבלת,קבלה
טיפול,טיפול
סטודנט,סטודנט
הנדסה,הנדסה
תלמיד,תלמיד
חוג,חוג
מרפאה,מרפאה
תגובה,תגובה
אנשים,איש
מבוקשים,מבוקש
מעצר,מעצר
ביצוע,ביצוע
אישה,איש
בת,בת
תצפית,תצפית
גג,גג
בניין,בניין
אגודת,אגודה
צדקה,צדקה
שכונה,שכונה
ממצאי,ממצא
תחקיר,תחקיר
מפקדת,מפקדה
דברי,דבר
הפגנות,הפגנה
משפט,משפט
מאסר,מאסר
עולם,עולם
חטיפת,חטיפה
בור,בור
ביוב,ביוב
דקדקנות,דקדקנות
משלחת,משלחת
נוער,נוער
מסמך,מסמך
גישה,גישה
תאוצה,תאוצה
קהילה,קהילה
הזדמנות,הזדמנות
חשבון,חשבון
תהליך,תהליך
התנכרות,התנכרות
זמן,זמן
סמלים,סמל
חוויות,חוויה
תשתית,תשתית
ציונות,ציונות
רגש,רגש
מחלוקת,מחלוקת
שאלה,שאלה
קרע,קרע
כתב,כתב
סמל,סמל
הפיכת,הפיכה
תופעה,תופעה
אגפים,אגף
עדות,עדה
מזרח,מזרח
דתיים,דתי
משכילים,משכיל
ניסיון,ניסיון
גוש,גוש
אמונים,אמון
פלגי,פלג
ימין,ימין
בסיס,בסיס
תרבות,תרבות
חוויה,חוויה
רגשות,רגש
הנחה,הנחה
משהו,משהו
סימן,סימן
שמאל,שמאל
דגל,דגל
המנון,המנון
מדינה,מדינה
תכלית,תכלית
התרגשות,התרגשות
תפיסה,תפיסה
תחושה,תחושה
שוביניזם,שוביניזם
מולדת,מולדת
קיטש,קיטש
רשימה,רשימה
כותבים,כותב
פרופסור,פרופסור
צירוף,צירוף
כותרת,כותרת
עיתונות,עיתונות
שימוש,שימוש
עיתונאים,עיתונאי
השתקפות,השתקפות
הוויה,הוויה
שואה,שואה
פער,פער
אופי,אופי
שיקוף,שיקוף
אפלה,אפלה
מציאות,מציאות
גינוי,גינוי
צאצאי,צאצא
קורבנות,קורבן
מאמר,מאמר
פובליציסטיקה,פובליציסטיקה
טקסי,טקס
זיכרון,זיכרון
התייחסות,התייחסות
רדיו,רדיו
טלוויזיה,טלוויזיה
חללי,חלל
יחס,יחס
דברים,דבר
אזכרות,אזכרה
טרור,טרור
כללים,כלל
הגדרה,הגדרה
חיים,חיים
הטפה,הטפה
נוסח,נוסח
סובלנות,סובלנות
דמוקרטיה,דמוקרטיה
קורבן,קורבן
אקט,אקט
תיאורי,תיאור
ביטוי,ביטוי
התנהגות,התנהגות
מסכת,מסכת
כולה,כול
טקס,טקס
מחווה,מחווה
היסטוריון,היסטוריון
הפקת,הפקה
לקחים,לקח
לקח,לקח
עוצמה,עוצמה
עניין,עניין
חסר,חסר
נפש,נפש
נר,נר
נשמה,נשמה
בעיה,בעיה
עצם,עצם
מאמץ,מאמץ
תופעת,תופעה
הקשרים,הקשר
משמעות,משמעות
פסקה,פסק
פולחן,פולחן
כולו,כול
סגידה,סגידה
כיוון,כיוון
חלקי,חלק
שחר,שחר
מורדי,מורד
גטאות,גטו
מורשת,מורשת
מעצבי,מעצב
פרסה,פרסה
השקפות,השקפה
תכונות,תכונה
מוקדי,מוקד
השתייכות,השתייכות
משפחה,משפחה
עבודה,עבודה
טקסים,טקס
אמריקאים,אמריקני
צרפתים,צרפתי
בריטים,בריטי
אומה,אומה
צד,צד
דעה,דעה
מעגל,מעגל
השקפה,השקפה
פלא,פלא
נטייה,נטייה
תשובה,תשובה
בני,בן
זהות,זהות
שורשים,שורש
טעות,טעות
פשר,פשר
מושג,מושג
דרך,דרך
כלל,כלל
חיזוקים,חיזוק
מרד,מרד
סמלי,סמל
הווה,הווה
מסקנה,מסקנה
עצמאות,עצמאות
גבורה,גבורה
חולשה,חולשה
הזדהות,הזדהות
פלשתינאים,פלשתינאי
עם,עם
שליחים,שליח
מיליטנטיות,מיליטנטיות
עובדה,עובדה
יצירת,יצירה
ביקורת,ביקורת
יענה,יען
משתתפי,משתתף
אנטישמיות,אנטישמיות
חלק,חלק
היסטוריה,היסטוריה
צורך,צורך
יכולת,יכולת
פוטנציאל,פוטנציאל
תופעות,תופעה
עוינות,עוינות
זרים,זר
לגיטימציה,לגיטימציה
כהניזם,כהניזם
גויים,גוי
תגובות,תגובה
סך,סך
הכל,הכיל
זרמים,זרם
תשומת,תשומה
לב,לב
תוצאות,תוצאה
סיבה,סיבה
פופולריות,פופולריות
תקשורת,תקשורת
סיום,סיום
תלמידים,תלמיד
דוגמה,דוגמה
משטר,משטר
שלטון,שלטון
מסגרת,מסגרת
גזענות,גזענות
מיעוטים,מיעוט
זכויות,זכות
פקודות,פקודה
תנועת,תנועה
ריאקציה,ריאקציה
הדגשה,הדגשה
חינוך,חינוך
סיכוי,סיכוי
מערכת,מערכת
איזון,איזון
צו,צו
אסון,אסון
דעת,דעת
כאב,כאב
צער,צער
שנים,שנה
תסביך,תסביך
חרדות,חרדה
קומפלקס,קומפלקס
רבי,רבי
מלך,מלך
שיגעון,שיגעון
תרנגול,תרנגול
שולחן,שולחן
גרגרים,גרגר
מידה,מידה
הבנה,הבנה
מצוקות,מצוקה
הזמנה,הזמנה
ארגון,ארגון
הרצאה,הרצאה
לוויה,לוויה
העברת,העברה
אסיפה,אסיפה
הפגנה,הפגנה
המונים,המון
חוסר,חוסר
גרעין,גרעין
גל,גל
אהדה,אהדה
הירצחו,נרצח
תמיהה,תמיהה
קולות,קול
נהירת,נהירה
המוני,המון
עוצמת,עוצמה
אקדח,אקדח
איבה,איבה
להבה,להבה
מקצת,מקצת
פיגועים,פיגוע
בקעה,בקעה
צומת,צומת
אלונים,אלון
הסברה,הסברה
אינתיפאדה,אינתיפאדה
שלב,שלב
התמרדות,התמרדות
כיבוש,כיבוש
כפפה,כפפה
תנועה,תנועה
שקט,שקט
פעולות,פעולה
ניסוח,ניסוח
שפה,שפה
תחזית,תחזית
פעילות,פעילות
נקם,נקם
שמירת,שמירה
חוק,חוק
סדר,סדר
קריאה,קריאה
הודעה,הודעה
ממשלה,ממשלה
האשמה,האשמה
מנהיג,מנהיג
ליכוד,ליכוד
גזר,גזר
דין,דין
כבוד,כבוד
רב,רב
רשות,רשות
דיבור,דיבור
חבר,חבר
מקלע,מקלע
פיגוע,פיגוע
שופט,שופט
עיתונאי,עיתונאי
מישהו,מישהו
ודאות,ודאות
היתר,היתר
ידיעה,ידיעה
בודדים,בודד
רשימות,רשימה
מטרות,מטרה
קשר,קשר
קטגוריות,קטגוריה
רציחות,רציחה
חיילות,חייל
דעת,דעה
פורקן,פורקן
חוקיות,חוקיות
מעשי,מעשה
פני,פנים
מלחמת,מלחמה
אזרחים,אזרח
סכנה,סכנה
עיני,עין
שעת,שעה
שוטרים,שוטר
חובה,חובה
עוסקים,עוסק
תקיפות,תקיפות
יהודי,יהודי
מילוי,מילוי
מבחן,מבחן
נאמנות,נאמנות
עקרון,עיקרון
שוויון,שוויון
עמים,עם
מגילת,מגילה
עבריין,עבריין
עבריינים,עבריין
תומכי,תומך
אווירה,אווירה
סכר,סכר
כלים,כלי
בריונים,בריון
מדינת,מדינה
קביעת,קביעה
רדיפת,רדיפה
התנקשויות,התנקשות
המשך,המשך
פתרון,פתרון
קבע,קבע
עול,עול
עמדות,עמדה
פוליטיקה,פוליטיקה
קבוצות,קבוצה
טרנספר,טרנספר
קיום,קיום
משפטים,משפט
ממשלת,ממשלה
ביטויי,ביטוי
מבוכה,מבוכה
גיבוש,גיבוש
נוסחאות,נוסחה
הסדרים,הסדר
שוחרי,שוחר
אחוות,אחווה
אזרחי,אזרח
שוני,שוני
גושים,גוש
צורה,צורה
אמצע,אמצע
דרכים,דרך
צדקת,צדקה
היגיון,היגיון
תוכנית,תוכנית
עימות,עימות
מקרה,מקרה
סיפוח,סיפוח
מעמד,מעמד
ערביי,ערבי
חיפוש,חיפוש
הסדר,הסדר
יריבות,יריבות
פשרה,פשרה
סכסוך,סכסוך
הצעות,הצעה
הישג,הישג
שם,שם
פוליטיקאי,פוליטיקאי
הצעה,הצעה
פוליטיקאים,פוליטיקאי
שולל,שולל
מאורעות,מאורע
צדק,צדק
מפלגות,מפלגה
תקופה,תקופה
אופטימיות,אופטימיות
עיריית,עירייה
מפלגת,מפלגה
פשרנים,פשרן
מוקד,מוקד
ויתור,ויתור
עמדה,עמדה
בירת,בירה
נגד,נגד
מצע,מצע
תואר,תואר
מבוגר,מבוגר
גבורות,גבורה
זקני,זקן
נקודה,נקודה
תלאות,תלאה
תקרית,תקרית
נקודת,נקודה
התחלה,התחלה
תקווה,תקווה
פתרונות,פתרון
יישום,יישום
טון,טון
כובש,כובש
אי,אי
אירים,אירי
מהגרים,מהגר
קתולים,קתולי
סכסוכים,סכסוך
דוברי,דובר
מאבק,מאבק
דוגמאות,דוגמה
אימפריות,אימפריה
עימותים,עימות
מעצמות,מעצמה
קולוניות,קולוניה
רגע,רגע
ארצות,ארץ
סרי,סרי
מדינות,מדינה
שכנה,שכן
מאבקים,מאבק
תנופה,תנופה
ברית,ברית
מועצות,מועצה
פדרציה,פדרציה
קרבות,קרב
לאומיות,לאומיות
ענק,ענק
הגירה,הגירה
הרמוניה,הרמוניה
גבולות,גבול
תיאור,תיאור
חבל,חבל
טענות,טענה
זכות,זכות
חיבה,חיבה
נכונות,נכונות
כורח,כורח
פיסת,פיסה
עבר,עבר
התפרעות,התפרעות
כהניסטים,כהניסט
חרדים,חרדי
שכנים,שכן
ישיבת,ישיבה
רעיון,רעיון
רחוב,רחוב
נביא,נביא
מספד,מספד
אידיאולוגיה,אידיאולוגיה
יצר,יצר
אלמנט,אלמנט
בעיית,בעיה
גלידה,גלידה
טעמים,טעם
טעם,טעם
חידוש,חידוש
שבועות,שבוע
אסיפת,אסיפה
שרירנים,שרירן
זאטוטים,זאטוט
רחובות,רחוב
שלטים,שלט
גידוף,גידוף
מבטא,מבטא
סמרטוט,סמרטוט
גזרים,גזר
בוא,בוא
תמהוני,תמהוני
אחרית,אחרית
מעטים,מעטה
חבורה,חבורה
ספק,ספק
יסודות,יסוד
ביב,ביב
שופכין,שופכין
בחינה,בחינה
שירות,שירות
מונופול,מונופול
תביעה,תביעה
נושא,נושא
וויכוח,ויכוח
תומכים,תומך
גירוש,גירוש
שוללים,שולל
חילופי,חילוף
דעות,דעה
משנה,משנה
שוליים,שול
ספרטיזם,ספרטיזם
פרידה,פרידה
וויתור,ויתור
מטרה,מטרה
מחיר,מחיר
גטו,גטו
התפתחות,התפתחות
שמים,שמיים
שאול,שאול
סמטאות,סמטה
קו,קו
ישיש,ישיש
מהפך,מהפך
קדם,קדם
טוב,טוב
ביטול,ביטול
מיתוס,מיתוס
ישראלים,ישראלי
מרקחת,מרקחת
הוצאת,הוצאה
יד,יד
מוזיאון,מוזיאון
רוקח,רוקח
תחילת,תחילה
חודשיים,חודש
חצי,חץ
פולנים,פולני
עסק,עסק
יתר,יתר
חומרים,חומר
צורכי,צורך
חבלה,חבלה
פולני,פולני
לילה,לילה
ריכוז,ריכוז
וודקה,וודקה
מכשיר,מכשיר
חדשות,חדשות
הודעות,הודעה
רשיונות,רישיון
חוץ,חוץ
ניירות,נייר
תושבי,תושב
טובת,טובה
חלון,חלון
שגרת,שגרה
מעצרים,מעצר
גירושים,גירוש
גרמנים,גרמני
עדי,עד
ראייה,ראייה
חסיד,חסיד
אומות,אומה
עץ,עץ
חרוב,חרוב
שדרה,שדרה
אתר,אתר
יחסים,יחס
חתול,חתול
עכבר,עכבר
קונדס,קונדס
אזיקים,אזיקים
ירייה,ירייה
אקדוחו,אקדוחו
חזרה,חזרה
צחוק,צחוק
תימהון,תימהון
ראשית,ראשית
תהפוכות,תהפוכה
נתחים,נתח
ימי,יום
נאצים,נאצי
רוסים,רוסי
קומוניזם,קומוניזם
פרק,פרק
משטרים,משטר
שליטים,שליט
תרופות,תרופה
שיעול,שיעול
שלשול,שלשול
יציבות,יציבות
שפיות,שפיות
גלי,גל
טירוף,טירוף
שנות,שנה
ווילון,וילון
חסידי,חסיד
מספר,מספר
שתיקה,שתיקה
הבדל,הבדל
מבנה,מבנה
אמונה,אמונה
תצלום,תצלום
אפיפיור,אפיפיור
חמדה,חמדה
ליקר,ליקר
קפה,קפה
דירות,דירה
כנסייה,כנסייה
מגדל,מגדל
שעון,שעון
גשם,גשם
סתיו,סתיו
סמטה,סמטה
חושך,חושך
אור,אור
דרישת,דרישה
שלום,שלום
ברכות,ברכה
חג,חג
שמה,שם
מלונאי,מלונאי
מדריך,מדריך
תיירים,תייר
ילדה,ילד
ניצולת,ניצול
אמא,אמא
מנהלת,מנהל
ילדות,ילד
מלח,מלח
מכתבים,מכתב
עיתון,עיתון
נקודות,נקודה
אמת,אמת
מחשבה,מחשבה
אינדוקטרינציה,אינדוקטרינציה
משרד,משרד
מפלגה,מפלגה
תזה,תזה
מעשים,מעשה
מפתח,מפתח
תלמידי,תלמיד
תיכון,תיכון
ויכוח,ויכוח
דגלים,דגל
קטע,קטע
פתיחה,פתיחה
כתבה,כתבה
מורטוריום,מורטוריום
רחבי,רחב
מורה,מורה
זקנים,זקן
שירים,שיר
קטעי,קטע
הורדת,הורדה
תורן,תורן
חודשים,חודש
מסקנות,מסקנה
היכרות,היכרות
מלה,מילה
שיר,שיר
בדיחה,בדיחה
סגור,סגור
נסיעה,נסיעה
הנפת,הנפה
תפילה,תפילה
ידע,ידע
קרבה,קרבה
דגש,דגש
דיכוי,דיכוי
ביצור,ביצור
תמיד,תמיד
שנאה,שנאה
קריאת,קריאה
חילונים,חילון
טפילים,טפיל
חוקי,חוק
הלכה,הלכה
כספים,כסף
זוועות,זוועה
חסידים,חסיד
אמירה,אמירה
שותף,שותף
גורל,גורל
אבותי,אב
ישיבה,ישיבה
שחיתות,שחיתות
עמודי,עמוד
יסוד,יסוד
נער,נער
מסורת,מסורת
ליברליזם,ליברליזם
הומניזם,הומניזם
מלים,מילה
חיזוק,חיזוק
צוענים,צועני
עד,עד
יריעתך,יריעה
עדות,עדות
קודש,קודש
מוסמך,מוסמך
אוניברסיטה,אוניברסיטה
תולדות,תולדה
רציונליסט,רציונליסט
ציטוט,ציטוט
לבותנו,לבותנו
אהבה,אהבה
ליברלים,ליברל
זולת,זולת
גסות,גסות
רציף,רציף
מיון,מיון
אסירים,אסיר
מינה,מין
הגעה,הגעה
קרונות,קרון
חנק,חנק
מתים,מת
קומנדו,קומנדו
אלומות,אלומה
עיניים,עין
זרקורים,זרקור
בכי,בכי
זרועות,זרוע
אמהות,אם
הלם,הלם
זוועה,זוועה
אירוניה,אירוניה
מטרים,מטר
שער,שער
גדרות,גדר
פרצה,פרצה
קור,קור
ריצה,ריצה
קלילות,קלילות
דרבון,דרבון
עצב,עצב
שמחת,שמחה
אוטובוסים,אוטובוס
שטח,שטח
רמפה,רמפה
אקציה,אקציה
סלקציה,סלקציה
אומשלאגפלאץ,אומשלאגפלאץ
צליל,צליל
שפת,שפה
קונוטציות,קונוטציה
מטענים,מטען
פואמה,פואמה
מוטו,מוטו
שמחה,שמחה
רוח,רוח
פאתוס,פתוס
תוכן,תוכן
חליל,חליל
פתיחות,פתיחות
רגישות,רגישות
שירי,שיר
כושר,כושר
מגמה,מגמה
עצבות,עצבות
אפשרויות,אפשרות
אפשרות,אפשרות
סיכויים,סיכוי
חברים,חבר
ריסון,ריסון
פעילים,פעיל
התפוררות,התפוררות
דבק,דבק
הרגשה,הרגשה
מולקולות,מולקולה
דרכי,דרך
בעל,בעל
סמכותיות,סמכותיות
חורין,חורין
הנהגה,הנהגה
הנהגות,הנהגה
כסף,כסף
הימור,הימור
אמצעים,אמצעי
פעמים,פעם
חו"ל,חו"ל
דולרים,דולר
מסגרות,מסגרת
פורמליות,פורמאליות
שלמות,שלמות
הצלחה,הצלחה
בחירות,בחירות
סגנון,סגנון
מערכות,מערכה
מסר,מסר
כיפות,כיפה
מערכות,מערכת
אחוז,אחוז
חסימה,חסימה
שכבות,שכבה
מצוקה,מצוקה
מנדטים,מנדט
גולם,גולם
תמונה,תמונה
שנת,שנה
פתח,פתח
נוסחה,נוסחה
תמצית,תמצית
וודאות,ודאות
דיונים,דיון
האשמות,האשמה
חשדות,חשד
סניגור,סנגור
דיון,דיון
תובע,תובע
פליטת,פליטה
פה,פה
מבנים,מבנה
פרקליט,פרקליט
מחשבות,מחשבה
דמויות,דמות
צייר,צייר
שלבים,שלב
נוח,נוח
תקופות,תקופה
נאומי,נאום
חרטה,חרטה
חול,חול
מועד,מועד
הקשר,הקשר
מרירות,מרירות
שיחה,שיחה
סיכום,סיכום
ציד,ציד
מכשפות,מכשף
כוננות,כוננות
מיאוס,מיאוס
תורה,תורה
שיטות,שיטה
תהודה,תהודה
ישראלי,ישראלי
פגר,פגר
קוראים,קורא
אליבי,אליבי
היקף,היקף
פרצוף,פרצוף
משך,משך
ראיון,ראיון
סיסמה,סיסמה
גזעני,גזען
אלוהים,אלוהים
מראיין,מראיין
פשטות,פשטות
קריית,קריה
מסגדי,מסגד
יישובי,יישוב
תסיסה,תסיסה
חוגים,חוג
ברכה,ברכה
דמות,דמות
הכפשת,הכפשה
פעילי,פעיל
אויב,אויב
פסיכולוגיה,פסיכולוגיה
ממסד,ממסד
ביטויים,ביטוי
סיפוק,סיפוק
גילויים,גילוי
פחד,פחד
אווירת,אווירה
אלימות,אלימות
מתנחלים,מתנחל
ישיבות,ישיבה
רובע,רובע
אחריות,אחריות
דמים,דם
קואליציה,קואליציה
מדיניות,מדיניות
ענישה,ענישה
התפרצויות,התפרצות
עמדת,עמדה
מועצת,מועצה
פרשת,פרשה
אישים,אישים
דולר,דולר
פרס,פרס
נובל,נובל
פרסים,פרס
ממציא,ממציא
דינמיט,דינמיט
קרן,קרן
תשובות,תשובה
מרואיינים,מרואיין
תורים,תור
אשה,איש
מחרוזות,מחרוזת
יהלומים,יהלום
רובלים,רובל
ערך,ערך
שטרות,שטר
בנק,בנק
חתן,חתן
צניעות,צניעות
הענקת,הענקה
פרסטרויקה,פרסטרויקה
כלכלנים,כלכלן
סובייטים,סובייט
הוגה,הוגה
כימאי,כימאי
פסיכולוג,פסיכולוג
מריבה,מריבה
דוק,דוק
תו,תו
פלישה,פלישה
חתנים,חתן
רמז,רמז
תחום,תחום
אמרה,אמרה
פסוק,פסוק
וועדה,ועדה
נזירות,נזירה
יתומי,יתום
התקפות,התקפה
אם,אם
חתני,חתן
שד,שד
כוונה,כוונה
קנאה,קנאה
עונת,עונה
פרסי,פרס
עלבונות,עלבון
התקלסויות,התקלסות
ספרות,ספרות
שמאלן,שמאלן
רוב,רוב
עיתוני,עיתון
מסאית,מסאי
פרוזה,פרוזה
כלות,כלה
עורך,עורך
מועמד,מועמד
תורת,תורה
זקן,זקן
משמע,משמע
רמזים,רמז
יוצא,יוצא
וו,וו
שוודים,שוודי
מכר,מכר
עוקץ,עוקץ
מלאות,מלאות
משקיפים,משקיף
סופרים,סופר
יומין,יום
עלבון,עלבון
סיפור,סיפור
גיליון,גיליון
ראיה,ראיה
פרוטקציה,פרוטקציה
בחינת,בחינה
עניי,עני
קורא,קורא
סולם,סולם
גדולה,גדולה
שרירותיות,שרירותיות
מיני,מין
דומיהן,דמה
היררכיה,היררכיה
הקשבה,הקשבה
פסק,פסק
שרירות,שרירות
ספרים,ספר
החלטות,החלטה
שופטי,שופט
רומאן,רומן
זבל,זבל
וריאציה,וריאציה
טענה,טענה
מחזות,מחזה
חבורת,חבורה
ספרייה,ספרייה
לכת,לכת
אמנות,אמנות
אביב,אביב
מהנדסת,מהנדס
עוזרת,עוזר
פרבר,פרבר
עדנה,עדנה
עבודות,עבודה
דוקטורט,דוקטורט
כלב,כלב
בוק,בוק
מומר,מומר
סיפורים,סיפור
ניחוח,ניחוח
דופק,דופק
יוצר,יוצר
כרך,כרך
תחושת,תחושה
מלון,מלון
חוף,חוף
ים,ים
קיץ,קיץ
זעה,זעה
עלובי,עלוב
פושעים,פושע
שולי,שול
שחקן,שחקן
שני,שני
במאי,במאי
תיאטרון,תיאטרון
מומחה,מומחה
מלאכות,מלאכה
חיזור,חיזור
תיירות,תייר
חופי,חוף
עלילה,עלילה
מזימה,מזימה
תרגום,תרגום
מקור,מקור
שילוב,שילוב
סגנונות,סגנון
לשון,לשון
בלשים,בלש
זיכרונות,זיכרון
אשליות,אשליה
הונאה,הונאה
חיוך,חיוך
מכתב,מכתב
שיכורים,שיכור
נהג,נהג
מונית,מונית
עצים,עץ
רפסודה,רפסודה
נהר,נהר
משאית,משאית
תפר,תפר
השראה,השראה
עקבות,עקב
השפעות,השפעה
זירה,זירה
נובלה,נובלה
סנסציה,סנסציה
שבועון,שבועון
השפעה,השפעה
כתיבה,כתיבה
ביקורות,ביקורת
קולנוע,קולנוע
אוסף,אוסף
צעד,צעד
עננים,ענן
מתח,מתח
נעורים,נעורים
אכזבה,אכזבה
דור,דור
הבטחה,הבטחה
מבקרים,מבקר
שבחים,שבח
כשרון,כישרון
חולשות,חולשה
מערב,מערב
יוצרים,יוצר
לשונות,לשון
שנתיים,שנה
גרסה,גרסה
פסטיבל,פסטיבל
סרטים,סרט
יוקרה,יוקרה
הערצה,הערצה
גיבור,גיבור
שמרנות,שמרנות
ביורוקרטיה,ביורוקרטיה
חיי,חיים
תסכול,תסכול
אורתודוקסיה,אורתודוקסיה
ריאליזם,ריאליזם
הערצת,הערצה
חרון,חרון
בוסים,בוס
שומרי,שומר
חומות,חומה
כוכב,כוכב
אנוש,אנוש
היגד,היגד
זרא,זרא
ממסדים,ממסד
איום,איום
העדר,העדר
צנזורה,צנזורה
פרסום,פרסום
נובלות,נובלה
גן,גן
סרט,סרט
ביטאון,ביטאון
פזורה,פזורה
פשע,פשע
תקנה,תקנה
אשרת,אשרה
שהייה,שהייה
זעם,זעם
שלהי,שלהי
גירסאות,גרסה
אינטלקטואל,אינטלקטואל
אדריכל,אדריכל
מסעדת,מסעדה
קיבוץ,קיבוץ
זולה,זולה
הסבר,הסבר
מגורים,מגורים
מוצא,מוצא
כרטיס,כרטיס
טיסה,טיסה
כתבות,כתבה
במה,במה
עולים,עולה
קהילת,קהילה
משוררים,משורר
במאים,במאי
שחקנים,שחקן
אינטלקטואלים,אינטלקטואל
גלות,גלות
עשור,עשור
מפעל,מפעל
פיתוח,פיתוח
עוזר,עוזר
מודד,מודד
קרקעות,קרקע
הצגת,הצגה
בכורה,בכורה
באר,באר
הצגה,הצגה
אוטוביוגרפיה,אוטוביוגרפיה
סרסור,סרסור
זונות,זונה
שיחות,שיחה
שתייה,שתייה
פוזות,פוזה
מאצו,מאצו
מערבונים,מערבון
מאניירות,מניירה
מימיקה,מימיקה
חן,חן
צעירה,צעיר
המשכים,המשך
משק,משק
דיילת,דייל
על,על
עבותות,עבותות
סרקזם,סרקזם
פליטי,פליט
קאובויים,קאובוי
סרטי,סרט
חלוצים,חלוץ
פקיד,פקיד
קבלה,קבלה
נהגי,נהג
מוניות,מונית
רועי,רועה
קשי,קש
רעב,רעב
כישלון,כישלון
שחקנית,שחקן
תפקיד,תפקיד
מבט,מבט
הסרטה,הסרטה
מתורגמן,מתורגמן
מיטה,מיטה
חדר,חדר
אגדות,אגדה
תנאי,תנאי
חתונה,חתונה
אושר,אושר
עושר,עושר
פיתוי,פיתוי
נוחיות,נוחיות
מנעמי,מנעמים
נישואין,נישואין
גירושים,גירושין
בימאי,במאי
ציפיות,ציפייה
כותב,כותב
תסריטים,תסריט
מפיק,מפיק
אהבים,אהבים
אולטימטום,אולטימטום
ידידות,ידידות
רומן,רומן
חלום,חלום
קארד,קארד
חרושת,חרושת
תרומות,תרומה
חלומות,חלום
ילד,ילד
שליח,שליח
החלטה,החלטה
צמיתות,צמיתות
הסרטת,הסרטה
סצינת,סצנה
סידורים,סידור
צנצנות,צנצנת
שמועות,שמועה
שטויות,שטות
דום,דום
אלכוהול,אלכוהול
היפוכונדר,היפוכונדר
נטיות,נטייה
התאבדות,התאבדות
קברות,קבר
עורף,עורף
אימפריית,אימפריה
בידור,בידור
רע,רע
דמיון,דמיון
רגעי,רגע
חסד,חסד
שרים,שר
סאטירה,סאטירה
סיבות,סיבה
חקיינים,חקיין
חקיינות,חקיינות
הומור,הומור
רמה,רמה
חקיין,חקיין
מטה,מטה
קסם,קסם
זהויות,זהות
טיק,טיק
שרבוב,שרבוב
שפתיים,שפה
אינטונציה,אינטונציה
הבעות,הבעה
חומר,חומר
גששים,גשש
מכשלה,מכשלה
חוש,חוש
עיתוי,עיתוי
סיטואציה,סיטואציה
תפנית,תפנית
חוכמה,חוכמה
פואנטות,פואנטה
מערכונים,מערכון
תפלות,תפלות
מחסור,מחסור
הומוריסטים,הומוריסט
הומוריסט,הומוריסט
סיטואציות,סיטואציה
מלל,מלל
בימת,בימה
מסך,מסך
היבטים,היבט
קריצות,קריצה
העוויה,העוויה
מערכון,מערכון
מדיום,מדיום
קומיקאי,קומיקאי
מצוא,מצוא
מצחיקן,מצחיקן
שמות,שם
קומיקאים,קומיקאי
חיוניות,חיוניות
התחדשות,התחדשות
גמלאות,גמלה
קש,קש
גבבה,גבבה
הרגל,הרגל
סטנד,סטנד
אף,אף
פריצת,פריצה
משב,משב
נוף,נוף
צופים,צופה
בחור,בחור
רושם,רושם
תחומים,תחום
טיפה,טיפה
תחייה,תחייה
חושים,חוש
הבחנה,הבחנה
פינת,פינה
מלאכה,מלאכה
אלגנטיות,אלגנטיות
מצחיקנים,מצחיקן
תורנים,תורן
ילדי,ילד
ערוץ,ערוץ
ייחוד,ייחוד
החמצה,החמצה
מנחה,מנחה
הבלטת,הבלטה
יומרנות,יומרנות
נחיתה,נחיתה
טריטוריה,טריטוריה
דיווח,דיווח
שידורי,שידור
איחור,איחור
עניינים,עניין
הילה,הילה
רכילות,רכילות
פגיעות,פגיעה
מתכונת,מתכונת
וידויים,וידוי
זאנר,ז'אנר
התמודדות,התמודדות
מחלה,מחלה
ממד,ממד
ווידויים,וידוי
נאמנים,נאמן
גישת,גישה
שרטוט,שרטוט
דיוקנאות,דיוקן
יצירה,יצירה
מצלמות,מצלמה
בימות,בימה
זכרון,זיכרון
סדרה,סדרה
תפאורות,תפאורה
חלל,חלל
אוויר,אוויר
סונטות,סונטה
שפל,שפל
מדרגה,מדרגה
מקומונים,מקומון
פיברוק,פברוק
מרגלים,מרגל
מעקב,מעקב
נבחרת,נבחרת
טורניר,טורניר
מידע,מידע
משחקי,משחק
מיבחן,מבחן
מאמן,מאמן
אימון,אימון
בהירות,בהירות
עריכת,עריכה
משבר,משבר
מפרץ,מפרץ
משחקים,משחק
משחק,משחק
פועל,פועל
תיאום,תיאום
טורקים,תורכי
אליפות,אליפות
נערי,נער
צהריים,צהריים
הרצחו,הרצחו
עצמות,עצם
לחיים,לחיים
קומת,קומה
כניסה,כניסה
מסירות,מסירות
עולה,עולה
כניסת,כניסה
ארגוני,ארגון
יממה,יממה
מאזינים,מאזין
רהיטות,רהיטות
פסוקים,פסוק
מכשירי,מכשיר
הקלטה,הקלטה
שלל,שלל
פרינציף,פרינציפ
קללות,קללה
איומים,איום
מהירות,מהירות
מדרכה,מדרכה
עדת,עדה
צלמים,צלם
ניידת,ניידת
קומה,קומה
משרדי,משרד
דממת,דממה
אבל,אבל
המולת,המולה
דלת,דלת
מודעה,מודעה
פירוט,פירוט
כללי,כלל
אבלות,אבלות
סעיפים,סעיף
לימוד,לימוד
אולמות,אולם
שורה,שורה
אל,אל
פרשן,פרשן
תנועות,תנועה
כתבי,כתב
תבונת,תבונה
נימה,נימה
שליחות,שליחות
פרשנות,פרשנות
שאלות,שאלה
מפרש,מפרש
תקופת,תקופה
מושגים,מושג
מעורבות,מעורבות
בורא,בורא
רצון,רצון
סף,סף
גאולה,גאולה
התנקשות,התנקשות
אידיאולוג,אידיאולוג
כיכרות,כיכר
נסים,נס
הסכמי,הסכם
יראת,יראה
מגזרים,מגזר
מסלול,מסלול
תפיסת,תפיסה
אוכלוסיית,אוכלוסייה
שותפת,שותף
עלייה,עלייה
הפחת,הפחה
התלהבות,התלהבות
תעמולה,תעמולה
אשליה,אשליה
ניצחון,ניצחון
עתיד,עתיד
דפוס,דפוס
אפיק,אפיק
אות,אות
שמיים,שמיים
סקרי,סקר
כס,כס
מיקוח,מיקוח
החלטת,החלטה
בג"ץ,בג"ץ
פסילת,פסילה
קץ,קץ
מהלומה,מהלומה
תקן,תקן
יצרים,יצר
לוויות,לוויה
כת,כת
מקבל,מקבל
נואם,נואם
גזבר,גזבר
מושא,מושא
אלמנטים,אלמנט
יישות,ישות
שכבה,שכבה
חברות,חבר
בעלות,בעל
אסירי,אסיר
מחתרת,מחתרת
מטען,מטען
פונדמנטליסט,פונדמנטליסט
ליגה,ליגה
הגנה,הגנה
בלמים,בלם
רעיונות,רעיון
יישוב,יישוב
הופעה,הופעה
בוטות,בוטות
אשכנזים,אשכנזי
דרור,דרור
יצרי,יצר
קומץ,קומץ
מחולל,מחולל
מזבח,מזבח
שיא,שיא
אתגר,אתגר
ממשיכים,ממשיך
גלימות,גלימה
מספרים,מספר
סאלם,סאלם
נזיפה,נזיפה
מרתף,מרתף
פקד,פקד
עבירת,עבירה
נהלים,נוהל
קנס,קנס
משכורת,משכורת
שקל,שקל
נאשמים,נאשם
תשלומים,תשלום
אולם,אולם
שופטים,שופט
עסקת,עסקה
טיעון,טיעון
תובעת,תובע
מפקח,מפקח
סנגוריות,סנגור
אישום,אישום
נוהל,נוהל
כפרי,כפר
חלקת,חלקה
אדמה,אדמה
סניגוריות,סנגור
שצף,שצף
קצף,קצף
אזכור,אזכור
מחוז,מחוז
הריגה,הריגה
צדדים,צד
הסכם,הסכם
סיכון,סיכון
סעיף,סעיף
תחנות,תחנה
פרשה,פרשה
יחידות,יחידה
השלטת,השלטה
חקירת,חקירה
גרסת,גרסה
חיל,חיל
ריח,ריח
אירוע,אירוע
גילוף,גילוף
מפתן,מפתן
עו"ד,עו"ד
משפחת,משפחה
הרוג,הרוג
לשכת,לשכה
פניות,פנייה
ח"כ,ח"ך
לחץ,לחץ
פרסומים,פרסום
צוות,צוות
פרקליטות,פרקליטות
המלצה,המלצה
הריגת,הריגה
מזימת,מזימה
טיוח,טיוח
ראיות,ראיה
חשודים,חשוד
הנחיות,הנחיה
דת,דת
התנצחות,התנצחות
הכרעה,הכרעה
חוליה,חוליה
טיב,טיב
הטלת,הטלה
הגנת,הגנה
חריגה,חריגה
הוראות,הוראה
עדויות,עדות
צורת,צורה
הגשת,הגשה
העמדה,העמדה
עבירות,עבירה
זכר,זכר
עובדת,עובדה
חומרת,חומרה
עונש,עונש
רעישות,רעישות
זעזוע,זעזוע
פיסגה,פסגה
מחזור,מחזור
ראשונות,ראשונות
יריבות,יריבה
נק,נק
דרבי,דרבי
נמל,נמל
כרטיסי,כרטיס
עליה,עלייה
סידרה,סדרה
ניצחונות,ניצחון
השג,השג
טבלה,טבלה
מועדונים,מועדון
יורדים,יורד
רמת,רמה
הדרכת,הדרכה
שריקת,שריקה
איצטדיון,אצטדיון
תכונה,תכונה
כרטיסים,כרטיס
התעניינות,התעניינות
שחקני,שחקן
הצלחות,הצלחה
הרכב,הרכב
חלוץ,חלוץ
טבלת,טבלה
שערים,שער
נתנייתים,נתנייתי
איבוד,איבוד
כוונות,כוונה
צמרת,צמרת
שוער,שוער
פייבוריטית,פייבוריט
ביתיות,ביתיות
פייבוריט,פייבוריט
מיפגש,מפגש
תחתית,תחתית
טירת,טירה
כרמל,כרמל
סוגר,סוגר
עסקני,עסקן
ספורט,ספורט
וותיקים,ותיק
גלובוס,גלובוס
התאחדות,התאחדות
קונגרס,קונגרס
איגרוף,אגרוף
איגודים,איגוד
קשיי,קושי
מימון,מימון
תקציב,תקציב
התרוצצות,התרוצצות
יבשות,יבשת
חובת,חובה
נשיאות,נשיאות
עסקן,עסקן
קטיגוריה,קטגוריה
טיולי,טיול
ביזבוז,בזבוז
יבשת,יבשת
קופת,קופה
בשורה,בשורה
פיקוח,פיקוח
ליברליזציה,ליברליזציה
רפורמה,רפורמה
מיסוי,מיסוי
הגנות,הגנה
תעשייה,תעשייה
חברות,חברה
סבסוד,סבסוד
חופש,חופש
התערבות,התערבות
השתאות,השתאות
קיווי,קיווי
תום,תום
בוחרי,בוחר
רפורמות,רפורמה
קיפאון,קיפאון
תוצר,תוצר
שיעור,שיעור
אבטלה,אבטלה
אחוזים,אחוז
זמנים,זמן
תעסוקה,תעסוקה
היבט,היבט
שכר,שכר
איגוד,איגוד
הצמדות,הצמדה
זיקה,זיקה
משא,משא
מתן,מתן
מעסיקים,מעסיק
התעלמות,התעלמות
מנדט,מנדט
בוחרים,בוחר
הרחבת,הרחבה
קולר,קולר
קשיחויות,קשיחות
פיטורי,פיטורין
ייעול,ייעול
עובדים,עובד
הסדרי,הסדר
פיגור,פיגור
מיתון,מיתון
נתונים,נתון
לוח,לוח
שינויים,שינוי
משרת,משרה
שכיר,שכיר
מונחים,מונח
שירותים,שירות
גידול,גידול
פריון,פריון
בלימת,בלימה
מישורים,מישור
צמיחה,צמיחה
קליטת,קליטה
סלע,סלע
העתקת,העתקה
תשלום,תשלום
תוספות,תוספת
רווחיות,רווחיות
רעה,רע
החלת,החלה
מפעלים,מפעל
תאגיד,תאגיד
תעריף,תעריף
מים,מים
חשמל,חשמל
חומרי,חומר
גלם,גלם
ברירה,ברירה
הקטנת,הקטנה
עלות,עלות
צמצום,צמצום
הזדקקות,הזדקקות
משאב,משאב
אונים,און
רופאים,רופא
שקלים,שקל
מוסדות,מוסד
רפואה,רפואה
אינטרסים,אינטרס
סיכויי,סיכוי
מימוש,מימוש
משימות,משימה
קליטה,קליטה
תקדים,תקדים
סנאט,סנאט
מיעוט,מיעוט
אוכלוסייה,אוכלוסייה
גאווה,גאווה
רוע,רוע
מזל,מזל
מתמודדים,מתמודד
סנאטור,סנטור
תעלולי,תעלול
ידיד,ידיד
חזית,חזית
אומץ,אומץ
מאמצים,מאמץ
יו"ר,יו"ר
מגבית,מגבית
ניהול,ניהול
נפשות,נפש
טור,טור
חריפות,חריפות
חוצפה,חוצפה
אותיות,אות
עובדות,עובדה
התקפה,התקפה
יריב,יריב
פרוף,פרופסור
נייר,נייר
כהונה,כהונה
מטיף,מטיף
יהדות,יהדות
ביבים,ביב
צאצא,צאצא
דורות,דור
רבנים,רב
לוחם,לוחם
שיור,שיור
רווקים,רווק
רווקות,רווקה
נישואי,נישואין
תערובת,תערובת
פיל,פיל
שערורייה,שערורייה
פרופורציה,פרופורציה
טיפוס,טיפוס
החשדה,החשדה
יריבים,יריב
סטיות,סטייה
דרגה,דרגה
דוקטרינה,דוקטרינה
מטבע,מטבע
סוכן,סוכן
אלוהי,אלוהים
סקרים,סקר
הפרש,הפרש
%,%
מפלה,מפלה
טרגדיה,טרגדיה
פליט,פליט
קריירה,קריירה
קצב,קצב
קרבת,קרבה
הקפות,הקפה
מכנים,מכנה
ערובה,ערובה
פוקוס,פוקוס
גברת,גברת
נשיא,נשיא
ערים,עיר
איומי,איום
עתודות,עתודה
נפט,נפט
בנקים,בנק
צרכניות,צרכן
לבבות,לב
אזרח,אזרח
גזירה,גזירה
היקש,היקש
גיחוך,גיחוך
שיטת,שיטה
השוואה,השוואה
מודל,מודל
צווחות,צווחה
נועם,נועם
בעיות,בעיה
שיח,שיח
קנצלר,קנצלר
מתינות,מתינות
שמע,שמע
מנוח,מנוח
פגיון,פגיון
גב,גב
ממונים,ממונה
שוב,שוב
גנרל,גנרל
גייסות,גייס
מפה,מפה
מאזן,מאזן
טווח,טווח
עיסוק,עיסוק
ווסט,וסט
מקצוע,מקצוע
סוד,סוד
מזכיר,מזכיר
הצהרות,הצהרה
קנה,קנה
הסגר,הסגר
יעדים,יעד
החזרת,החזרה
מלוכה,מלוכה
דהירה,דהירה
בעת,בעת
השמדת,השמדה
חלופות,חלופה
דיוק,דיוק
מלחמות,מלחמה
רומחים,רומח
חלופה,חלופה
טכנולוגיה,טכנולוגיה
תוקף,תוקף
מונחי,מונח
חתונות,חתונה
צבאות,צבא
התנגדות,התנגדות
הנהגת,הנהגה
מדבר,מדבר
ערימות,ערימה
שחת,שחת
להקת,להקה
חובבים,חובב
מושבה,מושבה
קבוצת,קבוצה
שגרירות,שגרירות
רשתות,רשת
כתבים,כתב
תמונות,תמונה
גברים,גבר
איברים,איבר
מראה,מראה
עקרות,עקר
ליל,ליל
חמסין,חמסין
שחקניות,שחקן
תשואות,תשואות
שריקות,שריקה
עידוד,עידוד
שיעמום,שעמום
מנת,מנה
טלפון,טלפון
הוד,הוד
שידור,שידור
מופע,מופע
רשת,רשת
מכונת,מכונה
סעודים,סעודי
מאמינים,מאמין
להקה,להקה
חנות,חנות
בשר,בשר
חזיר,חזיר
תחנה,תחנה
ממכר,ממכר
משקאות,משקה
דיפלומטים,דיפלומט
קליפת,קליפה
שום,שום
מעצמה,מעצמה
מעוז,מעוז
מינים,מין
מארחים,מארח
הוראה,הוראה
בסיסי,בסיס
נשות,איש
הבנת,הבנה
שרימפס,שרימפס
כיפה,כיפה
נציגי,נציג
בירות,בירה
סקר,סקר
התיישבות,התיישבות
וטו,וטו
צעדי,צעד
ממשלות,ממשלה
משגים,משגה
פקידים,פקיד
דחייה,דחייה
התנחלויות,התנחלות
פונדמנטליזם,פונדמנטליזם
אמנת,אמנה
נחישות,נחישות
ממשל,ממשל
הכוונת,הכוונה
אילוצי,אילוץ
מוסלמים,מוסלמי
אילוצים,אילוץ
רעלה,רעלה
עילום,עילום
סנקציות,סנקציה
תמיכה,תמיכה
מתנגדים,מתנגד
קאריירה,קריירה
חגיגה,חגיגה
סל,סל
ממוצע,ממוצע
רכז,רכז
שורות,שורה
הפסד,הפסד
סיבוב,סיבוב
גביעי,גביע
כדורעף,כדורעף
גומלין,גומלין
גביע,גביע
אלופות,אלופה
אלופת,אלופה
נשי,איש
עמק,עמק
מוצ"ש,מוצ"ש
גורן,גורן
טורקיות,תורכי
כובד,כובד
סיטי,סיטי
משיח,משיח
אוהדי,אוהד
מיבצע,מבצע
הצלה,הצלה
זוהר,זוהר
אליפויות,אליפות
זכיה,זכייה
משימה,משימה
גון,גוון
יתרון,יתרון
ארסנל,ארסנל
קשיים,קושי
וילה,וילה
אלופה,אלופה
אכזבות,אכזבה
הרמת,הרמה
משקולות,משקולת
תחרויות,תחרות
משקולאים,משקולאים
ק"ג,קילוגרם
טובים,טוב
בדיקת,בדיקה
סמים,סם
הישגים,הישג
כדור,כדור
השעיה,השעיה
שיאן,שיאן
מדליית,מדליה
חוזי,חוזה
פרסומת,פרסומת
בוץ,בוץ
מטר,מטר
אתלטים,אתלט
אולימפיאדת,אולימפיאדה
קרית,קריה
מגרש,מגרש
חוליית,חוליית
קישור,קישור
שאפתנות,שאפתנות
מוליך,מוליך
תיקו,תיקו
כף,כף
צפרירים,צפריר
רכש,רכש
סבא,סבא
נבחרות,נבחרת
כדורגל,כדורגל
עיריה,עירייה
בטחון,ביטחון
נסיון,ניסיון
השתוללות,השתוללות
שאן,שאן
אום,אום
פועלי,פועל
דקת,דקה
דומיה,דומייה
ועדת,ועדה
משמעת,משמעת
הנהלת,הנהלה
חומרה,חומרה
שאט,שאט
פועלים,פועל
יוזמה,יוזמה
הנהלה,הנהלה
בירור,בירור
גבת,גבה
רגעים,רגע
דקה,דקה
שניות,שנייה
זר,זר
ספסל,ספסל
פציעה,פציעה
לחימה,לחימה
הפתעה,הפתעה
אורחים,אורח
הלבשה,הלבשה
ארשת,ארשת
סדרן,סדרן
מהלומת,מהלומה
אגרוף,אגרוף
בעיטה,בעיטה
דקות,דקה
חרדה,חרדה
הכרה,הכרה
בטוי,ביטוי
ארגונים,ארגון
סעד,סעד
גנים,גן
בריאות,בריאות
מימד,ממד
תוחלת,תוחלת
התבטאויות,התבטאות
קושי,קושי
חיסול,חיסול
חממה,חממה
מלכוד,מלכוד
מגבלה,מגבלה
גשרים,גשר
הידרדרות,הידרדרות
ריבונות,ריבונות
לבנוניזציה,לבנוניזציה
מחבלים,מחבל
גוף,גוף
משענת,משענת
בחירת,בחירה
תהליכים,תהליך
מישחק,משחק
מחצית,מחצית
הגדרת,הגדרה
שרף,שרף
מאמני,מאמן
ריבאונד,ריבאונד
אסיסטים,אסיסט
תפוקה,תפוקה
בלגאן,בלגן
ריבאונדים,ריבאונד
גגות,גג
שדה,שדה
שותפים,שותף
מצבים,מצב
חולוני,חולוני
מיטווח,מטווח
פרטיזן,פרטיזן
בעיטות,בעיטה
ספרדים,ספרדי
בלגים,בלגי
טורפדו,טורפדו
הארכה,הארכה
שליטה,שליטה
עשיית,עשייה
טירונים,טירון
כיסוי,כיסוי
התקפת,התקפה
דופי,דופי
מיכסת,מכסה
דרמה,דרמה
שנייה,שנייה
עבירה,עבירה
זריקות,זריקה
עונשין,עונש
מחירי,מחיר
זהב,זהב
ירידה,ירידה
אונקייה,אונקיה
מסחר,מסחר
מחירים,מחיר
שיעורים,שיעור
פלטינה,פלטינה
התאוששות,התאוששות
עליות,עלייה
חבית,חבית
ירידות,ירידה
סגירת,סגירה
בורסות,בורסה
חוזים,חוזה
סנט,סנאט
ידיעות,ידיעה
רווחים,רווח
סוחרים,סוחר
היצעים,היצע
כותנה,כותנה
עיסקות,עסקה
יצוא,ייצוא
ליברה,ליברה
אלומיניום,אלומיניום
מלאי,מלאי
מתכת,מתכת
טונה,טונה
תפוזים,תפוז
תיקון,תיקון
עצבים,עצב
קלעים,קלע
מוצאי,מוצא
תיסכול,תסכול
אד,אד
מכביה,מכבייה
עזיבת,עזיבה
כדורסל,כדורסל
מישחקי,משחק
רדיוס,רדיוס
הרחקה,הרחקה
מישחקים,משחק
אוהדים,אוהד
טריק,טריק
פס,פס
רומאנים,רומן
פגמים,פגם
רבות,רבות
בוטנאי,בוטנאי
גיאוגרף,גיאוגרף
מחוזות,מחוז
רגל,רגל
אפוס,אפוס
מסיכה,מסיכה
אודיסיאה,אודיסיאה
מתרגם,מתרגם
משורר,משורר
צל,צל
פגישה,פגישה
גיבורי,גיבור
קטבים,קוטב
עבודת,עבודה
אקספוזיציה,אקספוזיציה
מופת,מופת
תימות,תמה
מלאכת,מלאכה
רקמה,רקמה
אפלולית,אפלולית
משרתת,משרת
שפחת,שפחה
מידות,מידה
תינוקת,תינוק
חמלה,חמלה
רחמים,רחמים
חברת,חברה
חוקר,חוקר
מוניטין,מוניטין
תפישת,תפישה
ענווה,ענווה
תפישה,תפישה
חרכי,חרך
תריסים,תריס
קרניים,קרן
מראות,מראה
חפצי,חפץ
זכוכית,זכוכית
נגוהות,נגוהות
דפנים,דפנה
אהוב,אהוב
הילת,הילה
ייסורים,ייסורים
התגלות,התגלות
חציית,חצייה
חניכה,חניכה
בגרות,בגרות
חיק,חיק
נדבך,נדבך
מחזה,מחזה
פאסיון,פסיון
ווריאציה,וריאציה
החלפת,החלפה
רציונאליזם,רציונליזם
אתיאיסטים,אתיאיסט
לוויית,לוויה
מדען,מדען
תושייה,תושייה
קריות,קריה
ילידים,יליד
ישימון,ישימון
רימה,רימה
גיהנום,גיהינום
משחה,משחה
ערש,ערש
דווי,דווי
שביט,שביט
ממלכת,ממלכה
מובן,מובן
בנות,בת
קולונל,קולונל
גרסות,גרסה
שטן,שטן
מרחבי,מרחב
אגדת,אגדה
פענוח,פענוח
דוברות,דובר
אלוזיות,אלוזיה
מיצוי,מיצוי
מורד,מורד
הארה,הארה
משכב,משכב
זוהמה,זוהמה
הערה,הערה
מין,מין
מוטיוואציה,מוטיבציה
אקסיומה,אקסיומה
הוכחה,הוכחה
אגדה,אגדה
מהות,מהות
גרמניות,גרמני
נצרות,נצרות
קאניבלים,קניבל
גרמני,גרמני
מגאלומאן,מגלומן
מעצורים,מעצור
כתיבת,כתיבה
אלתורים,אלתור
מרכבה,מרכבה
מעטה,מעטה
הלוויית,הלוויה
עדיפות,עדיפות
הלוויה,הלוויה
חששות,חשש
נתיב,נתיב
שגרה,שגרה
נגע,נגע
פרצי,פרץ
תקיפה,תקיפה
פורענות,פורענות
עובדי,עובד
דרישה,דרישה
הלוך,הלך
יעד,יעד
תוקפנות,תוקפנות
הסתייגות,הסתייגות
בריון,בריון
מרקמי,מרקם
פומבי,פומבי
דימוי,דימוי
שיסוי,שיסוי
השקפת,השקפה
תנאים,תנאי
בריונות,בריונות
זירת,זירה
קריסת,קריסה
מרקם,מרקם
בינוי,בינוי
מנהל,מנהל
שיכון,שיכון
מכרז,מכרז
קרף,קרף
בכירים,בכיר
כעס,כעס
נאמני,נאמן
משרות,משרה
הדחות,הדחה
סמנכ"ל,סמנכ"ל
פעילה,פעיל
בנייה,בנייה
מועמדים,מועמד
שיקום,שיקום
מפד"ל,מפד"ל
סמכויות,סמכות
תחומי,תחום
רווחה,רווחה
סגני,סגן
סיעת,סיעה
משרדים,משרד
תעשיה,תעשייה
משרה,משרה
וועדת,ועדה
ועדה,ועדה
השגת,השגה
לשכה,לשכה
פינוי,פינוי
סיעה,סיעה
ח"כים,ח"כ
הצבעה,הצבעה
מליאת,מליאה
הסרת,הסרה
בעייה,בעיה
תארי,תואר
וועדות,ועדה
הוצאות,הוצאה
דיור,דיור
איכות,איכות
סביבה,סביבה
אוצר,אוצר
מיבנה,מבנה
חיוב,חיוב
השתתפות,השתתפות
חשב,חשב
אחראי,אחראי
תקציבים,תקציב
משאבים,משאב
מעבר,מעבר
ש"ח,ש"ח
מרכזיית,מרכזייה
טלפונים,טלפון
מרכזייה,מרכזייה
מתיחות,מתיחות
יחסים,יחסים
נגיד,נגיד
יחסי,יחסים
דרגים,דרג
מבקרי,מבקר
טענת,טענה
מלוא,מלוא
חוזרים,חוזר
חוזר,חוזר
כלבים,כלב
מחדלים,מחדל
עוולות,עוולה
שור,שור
מחלקת,מחלקה
דיעה,דעה
וועד,ועד
השבתה,השבתה
תלונה,תלונה
תוספת,תוספת
אירוח,אירוח
סכום,סכום
רזרווה,רזרבה
ביקורים,ביקור
להט,להט
מהנדסים,מהנדס
מהנדס,מהנדס
כוונת,כוונה
בוררים,בורר
הקמת,הקמה
משכן,משכן
בוררות,בוררות
חוזה,חוזה
חכירה,חכירה
מצודת,מצודה
זאב,זאב
התחייבות,התחייבות
מכון,מכון
תקנים,תקן
מוסד,מוסד
מפעיל,מפעיל
שמחות,שמחה
הזדמנויות,הזדמנות
אכסניה,אכסניה
סורק,סורק
נכס,נכס
שווי,שווי
הערכה,הערכה
מקרים,מקרה
אגודה,אגודה
דונם,דונם
ירקון,ירקון
תיירות,תיירות
צוותי,צוות
משתתפים,משתתף
צעדת,צעדה
ראיונות,ריאיון
שדר,שדר
סמינרים,סמינר
סוכני,סוכן
נסיעות,נסיעה
כמרים,כומר
מנהיגי,מנהיג
קהילות,קהילה
ערבים,ערב
חסות,חסות
מועצה,מועצה
תכנון,תכנון
שינוי,שינוי
מיתאר,מתאר
עורכי,עורך
מינהל,מנהל
מע"ץ,מע"ץ
תחבורה,תחבורה
הכנת,הכנה
טבע,טבע
עיקרי,עיקר
אישור,אישור
שלבי,שלב
פישוט,פישוט
הליכי,הליך
הקלות,הקלה
קווי,קו
נוהלים,נוהל
דרישות,דרישה
מלווים,מלווה
מיסוד,מיסוד
תסקירי,תסקיר
אזורים,אזור
סטייה,סטייה
התוויית,התוויה
סלילת,סלילה
כבישים,כביש
בעלת,בעל
חשיבות,חשיבות
נופים,נוף
שמורות,שמורה
אתרים,אתר
התקשרויות,התקשרות
נציגים,נציג
הערכות,הערכה
קבלנים,קבלן
התחייבויות,התחייבות
רכישה,רכישה
קידום,קידום
סכומים,סכום
שיקול,שיקול
עסקות,עסקה
קריטריונים,קריטריון
סכומי,סכום
מקורבים,מקורב
מכרזים,מכרז
אמות,אמה
מיכרז,מכרז
התקשרות,התקשרות
חסם,חסם
הוצאה,הוצאה
מבקרת,מבקר
יועץ,יועץ
סחר,סחר
תעשיית,תעשייה
תקינה,תקינה
תוצרת,תוצרת
יבוא,ייבוא
התאם,התאם
אימוץ,אימוץ
התאמת,התאמה
מערך,מערך
ועדות,ועדה
השוואת,השוואה
יצרנים,יצרן
צרכנים,צרכן
זירוז,זירוז
הליכים,הליך
מומחים,מומחה
נציגות,נציגות
יבואנים,יבואן
שביעות,שביעות
עקרונות,עיקרון
הקניות,הקניה
מוצרים,מוצר
עיון,עיון
גודל,גודל
הגדלת,הגדלה
עסקים,עסק
איתות,איתות
הגמשת,הגמשה
שחיקת,שחיקה
היפך,היפך
השקעות,השקעה
בקשות,בקשה
יזמים,יזם
תמ"ס,תמ"ס
גובה,גובה
פרמיה,פרמיה
הלוואות,הלוואה
ערבות,ערבות
משקיעים,משקיע
חקיקה,חקיקה
צעדים,צעד
חשיפת,חשיפה
מינימום,מינימום
קיצוץ,קיצוץ
סובסידיות,סובסידיה
קצבאות,קצבה
ביטוח,ביטוח
דאגה,דאגה
גירעון,גירעון
שבועיים,שבוע
רואי,רואה
שות,שת
רואה,רואה
יחידת,יחידה
סמך,סמך
תיק,תיק
סומך,סומך
הכנה,הכנה
משמרות,משמרת
החלפה,החלפה
ברום,ברום
כימיקלים,כימיקל
חילוף,חילוף
חקלאות,חקלאות
בבלי,בבלי
חילופים,חילוף
הקפאה,הקפאה
רוטציה,רוטציה
הון,הון
כנס,כנס
יוזמות,יוזמה
הארחה,הארחה
מעלה,מעלה
היסטוריוגרפיה,היסטוריוגרפיה
נושאים,נושא
מושבות,מושבה
ברון,ברון
חוקרים,חוקר
השקעה,השקעה
אידיאלים,אידיאל
טמפלרים,טמפלר
כלכלה,כלכלה
סבון,סבון
מכלול,מכלול
פרטים,פרט
תרומת,תרומה
הכנסת,הכנסה
טכנולוגיות,טכנולוגיה
פרדסנות,פרדסנות
מפעלי,מפעל
דוגמת,דוגמה
שמן,שמן
דון,דון
שופטת,שופט
נוכחות,נוכחות
הפסקת,הפסקה
מחשב,מחשב
עיצומים,עיצומים
השעיית,השעיה
מדור,מדור
ביעור,ביעור
שטרי,שטר
הסתדרות,הסתדרות
מברק,מברק
סוכנות,סוכנות
פרקליטת,פרקליט
נתבעים,נתבע
אושיות,אושיה
פירוק,פירוק
הנפקת,הנפקה
פוליסות,פוליסה
פרמיות,פרמיה
הפחתה,הפחתה
עמלות,עמלה
בקשת,בקשה
סניפים,סניף
בע"ם,בע"ם
סניף,סניף
הובלות,הובלה
פרקליטי,פרקליט
תובעים,תובע
התמוטטות,התמוטטות
קורת,קורה
רכוש,רכוש
פרקים,פרק
חיסכון,חיסכון
חישובי,חישוב
ריבית,ריבית
עיוותים,עיוות
הלוואה,הלוואה
מלווה,מלווה
צקים,צ'ק
אילוץ,אילוץ
פנייה,פנייה
דיירים,דייר
חלמונית,חלמונית
תביעות,תביעה
בונה,בונה
דיירי,דייר
בניינים,בניין
רכישת,רכישה
עילת,עילה
ליקויי,ליקוי
מניעה,מניעה
הפסקה,הפסקה
הגבלה,הגבלה
אספקת,אספקה
נציב,נציב
היתרים,היתר
ד,ד
ייצור,ייצור
שיווק,שיווק
הקלה,הקלה
בריחת,בריחה
סטטיסטיקה,סטטיסטיקה
עליית,עלייה
ייבוא,ייבוא
דלק,דלק
אוניות,אונייה
מטוסים,מטוס
מוצרי,מוצר
אנרגיה,אנרגיה
ייצוא,ייצוא
תשומות,תשומה
נכסי,נכס
צריכה,צריכה
סחורות,סחורה
ענפי,ענף
מכונות,מכונה
אלקטרוניקה,אלקטרוניקה
מזון,מזון
כימיה,כימיה
הנחות,הנחה
תשלומי,תשלום
ארנונה,ארנונה
סתירה,סתירה
עתירה,עתירה
אונו,און
עותרים,עותר
סמכות,סמכות
מקבלי,מקבל
כח,כוח
חייב,חייב
מס,מס
מיסים,מס
דירקטוריון,דירקטוריון
דירקטור,דירקטור
מזכ"ל,מזכ"ל
קדנציה,קדנציה
חבילה,חבילה
מעטפה,מעטפה
מושב,מושב
מחיאות,מחיאה
כפיים,כף
אורנים,אורן
רשימת,רשימה
מרצים,מרץ
תזכורת,תזכורת
מכירת,מכירה
שורת,שורה
מגבלות,מגבלה
שריר,שריר
בקשה,בקשה
נכסים,נכס
ליברלית,ליברל
תמ"ת,תמ"ת
ממונה,ממונה
היעדרות,היעדרות
ניכוי,ניכוי
חופשה,חופשה
עלון,עלון
תצוגה,תצוגה
יצואן,יצואן
קניינים,קניין
וותיקי,ותיק
משפטן,משפטן
בוגר,בוגר
מדעי,מדע
און,און
אל"ם,אל"ם
מיל,מיל
תפעול,תפעול
חירום,חירום
משלחות,משלחת
תיכנון,תיכנון
היעדר,היעדר
מנגנון,מנגנון
מישור,מישור
מיגוון,מגוון
גיבוי,גיבוי
תרחיש,תרחיש
טילים,טיל
פעולת,פעולה
גמול,גמול
חילות,חיל
ידוע,ידוע
מיתקפה,מתקפה
שיפור,שיפור
לווייני,לוויין
ריגול,ריגול
ענייני,עניין
קבלן,קבלן
מניות,מנייה
שליטת,שליטה
קומות,קומה
נושים,נושה
דודי,דוד
שמש,שמש
בורסה,בורסה
קונים,קונה
הדרגה,הדרגה
מכירה,מכירה
מוכרים,מוכר
אמון,אמון
הדחה,הדחה
הדחת,הדחה
תמורה,תמורה
גבעת,גבעה
כינוס,כינוס
עיריות,עירייה
פורום,פורום
ערי,עיר
הסכמים,הסכם
חלוקת,חלוקה
התכנסות,התכנסות
שיתוק,שיתוק
תקנון,תקנון
ציונים,ציון
כישורים,כישורים
הצעת,הצעה
נוהלי,נוהל
בחירה,בחירה
תיפקוד,תפקוד
נורמות,נורמה
מחוקק,מחוקק
עמותה,עמותה
חברות,חברות
אופוזיציה,אופוזיציה
קביעה,קביעה
התייעצות,התייעצות
חילוקי,חילוק
נדון,נדון
דיחוי,דיחוי
הסכמת,הסכמה
שינויי,שינוי
הפעלת,הפעלה
נוסחת,נוסחה
שיטה,שיטה
שרי,שר
העלאת,העלאה
האצת,האצה
אינפלציה,אינפלציה
הכנסות,הכנסה
מסים,מס
שיעורי,שיעור
בלו,בלו
מקובל,מקובל
מניעת,מניעה
מכניזם,מכניזם
הוזלות,הוזלה
עודף,עודף
כיס,כיס
החמרת,החמרה
ערבויות,ערבות
גיוס,גיוס
העדרות,היעדרות
חגים,חג
מחויבות,מחויבות
עובד,עובד
הצלחת,הצלחה
נטילת,נטילה
מנהיגות,מנהיגות
החטאה,החטאה
חרום,חירום
קונצפציה,קונספציה
הקפאת,הקפאה
יוקר,יוקר
תעשיינים,תעשיין
עתויין,עתויין
חליפין,חליפין
רשיון,רישיון
הפעלה,הפעלה
מגוון,מגוון
תחרות,תחרות
ענף,ענף
תיווך,תיווך
פעילויות,פעילות
המלצות,המלצה
בנקאות,בנקאות
רישוי,רישוי
משכנתאות,משכנתא
תשואות,תשואה
גמל,גמל
תשואה,תשואה
קופות,קופה
חמי,חם
בריכות,בריכה
מי,מים
גופרית,גופרית
מרפא,מרפא
כאבי,כאב
טיפולים,טיפול
סאונה,סאונה
מרחץ,מרחץ
מסעדה,מסעדה
מלונות,מלון
קיבוצים,קיבוץ
רבדים,רובד
אורחן,אורחן
נהגים,נהג
תחנת,תחנה
מכירות,מכירה
מסעדות,מסעדה
עונשי,עונש
קנסות,קנס
מנהלי,מנהל
תחבולה,תחבולה
עמלה,עמלה
זוג,זוג
הסדרת,הסדרה
ייעוץ,ייעוץ
חודשי,חודש
הסכמה,הסכמה
סדרת,סדרה
פגישות,פגישה
גורמי,גורם
תעופה,תעופה
ארוחה,ארוחה
שגריר,שגריר
טמפרטורה,טמפרטורה
מעלות,מעלה
מגעים,מגע
סיטונאי,סיטונאי
הפסדים,הפסד
מ"ר,מ"ר
בעלים,בעלים
דירה,דירה
מע"ם,מע"ם
שיפוץ,שיפוץ
זיכיון,זיכיון
שכירות,שכירות
כונס,כונס
מסוף,מסוף
תכנית,תוכנית
נתח,נתח
הקצאה,הקצאה
השלמת,השלמה
סעיפי,סעיף
סכסוכי,סכסוך
תביעת,תביעה
ערכאות,ערכאה
עילה,עילה
אקדמאים,אקדמאי
פנסיה,פנסיה
גמלאים,גמלאי
ביגוד,ביגוד
רמות,רמה
מפעילת,מפעיל
טיסות,טיסה
חוברות,חוברת
אתרי,אתר
חוברת,חוברת
יעדי,יעד
סיורי,סיור
חופשות,חופשה
ריפוי,ריפוי
פירמידה,פירמידה
אחים,אח
רצפה,רצפה
קילומטרים,קילומטר
מזח,מזח
מעליות,מעלית
מקרקעים,מקרקעים
פרויקט,פרויקט
סימני,סימן
ביניים,ביניים
חשמונאים,חשמונאי
עיקול,עיקול
הפרת,הפרה
פיצויים,פיצוי
פיצויי,פיצוי
פטורים,פטור
פדיון,פדיון
ערעור,ערעור
חובות,חוב
ביה"ד,בי"ד
מקצועות,מקצוע
מענקים,מענק
בנין,בניין
מזכירות,מזכירות
הענות,היענות
קורס,קורס
הכשרה,הכשרה
מכללת,מכללה
עמל,עמל
יוזמת,יוזמה
יוצאי,יוצא
התקדמות,התקדמות
ועידת,ועידה
פסגה,פסגה
פגישת,פגישה
תעריפים,תעריף
מכס,מכס
מכשול,מכשול
החזקה,החזקה
נשק,נשק
חשוד,חשוד
צינורות,צינור
הזנה,הזנה
מסכת,מסכה
חמצן,חמצן
שמירה,שמירה
גלימה,גלימה
נאשם,נאשם
פתקים,פתק
חיפושים,חיפוש
מסיבת,מסיבה
מניע,מניע
חוקרי,חוקר
קשרים,קשר
אשת,איש
דיכאון,דיכאון
חובב,חובב
אקדחים,אקדח
מגזינים,מגזין
שכירי,שכיר
חרב,חרב
מטווחי,מטווח
מסמכים,מסמך
נשיאת,נשיאה
קת,קת
קלטות,קלטת
וידיאו,וידאו
ויכוחים,ויכוח
מודעות,מודעה
עיתונים,עיתון
הופעות,הופעה
טכנאי,טכנאי
חימום,חימום
קירור,קירור
עדים,עד
העברה,העברה
מחלקה,מחלקה
מוסף,מוסף
היעלמו,העלם
סוכנים,סוכן
עדכוני,עדכון
עדכונים,עדכון
התפתחויות,התפתחות
עדכון,עדכון
הצטרפות,הצטרפות
ביטוחי,ביטוח
מנהלים,מנהל
מבוטח,מבוטח
כספי,כסף
אגרות,אגרה
חוב,חוב
קרנות,קרן
פנסיית,פנסיה
זיקנה,זקנה
נכות,נכות
שארים,שאר
בירורים,בירור
היקפי,היקף
תשורה,תשורה
מלונאות,מלונאות
ברוטו,ברוטו
תרומה,תרומה
גדות,גדה
תעשיות,תעשייה
פטרוכימיה,פטרוכימיה
מתקן,מתקן
הידרוגנציה,הידרוגנציה
בנזן,בנזן
דבקים,דבק
לורד,לורד
מחקר,מחקר
הפניית,הפניה
פרוגרמת,פרוגרמה
בניית,בנייה
זוגות,זוג
ביקוש,ביקוש
השתלבות,השתלבות
היקפים,היקף
מסלולים,מסלול
ליווי,ליווי
זיקוק,זיקוק
התכה,התכה
קפיטל,קפיטל
הגברת,הגברה
מרי,מרי
פרקליטה,פרקליט
נשיאת,נשיא
תקדימים,תקדים
אישיות,אישיות
רפובליקה,רפובליקה
לייבור,לייבור
סוציאליסטים,סוציאליסט
גירושין,גירושין
הפצת,הפצה
אמצעי,אמצע
התפייסות,התפייסות
פרוטסטנטים,פרוטסטנט
חוקה,חוקה
סיף,סיף
ניקוד,ניקוד
דירוג,דירוג
טניס,טניס
לחצים,לחץ
הימורים,הימור
כדוריד,כדוריד
שיפוט,שיפוט
מרכזי,מרכז
סיוע,סיוע
מאמנים,מאמן
תוכנות,תוכנה
ענפים,ענף
פונקציה,פונקציה
חלוקה,חלוקה
כלום,כלום
גופים,גוף
אימונים,אימון
בקרה,בקרה
נוסעים,נוסע
יתרה,יתרה
דוח"ות,דוח"ות
הכנסה,הכנסה
ספונסרים,ספונסר
מאגר,מאגר
הכנות,הכנה
שיט,שיט
גודו,גודו
אתלטיקה,אתלטיקה
שחיה,שחייה
קליעה,קליעה
התעמלות,התעמלות
היאבקות,היאבקות
ספורטאי,ספורטאי
ספורטאים,ספורטאי
דרג,דרג
מיחשוב,מחשוב
פקידות,פקידה
מחשבים,מחשב
סייף,סייף
כדורמים,כדורמים
מדליה,מדליה
כיפורים,כיפור
נסיגה,נסיגה
רובה,רובה
מירוץ,מירוץ
אופניים,אופניים
כיכר,כיכר
שניה,שנייה
רוגבי,רוגבי
סבב,סבב
גמר,גמר
איילות,אייל
מבצע,מבצע
מנצח,מנצח
צור,צור
עור,עור
מליקה,מליקה
צרפתי,צרפתי
מחאה,מחאה
תחפושת,תחפושת
מתנות,מתנה
דיכפין,דיכפין
מכבים,מכבי
תסמונת,תסמונת
תמימות,תמימות
קשרי,קשר
עליונות,עליונות
אין,אין
עונה,עונה
בעיטת,בעיטה
הכשלת,הכשלה
נצחון,ניצחון
סנטר,סנטר
יוטה,יוטה
מנצחים,מנצח
זינוקי,זינוק
חיזוי,חיזוי
קלות,קלות
מיגרש,מגרש
תיבת,תיבה
חיבורי,חיבור
קורות,קורה
פליאה,פליאה
מחזורים,מחזור
סט,סט
מנוחה,מנוחה
מועדון,מועדון
כדורגלן,כדורגלן
מטוס,מטוס
סילון,סילון
גילאים,גיל
מוצאי,מוצאי
אצבע,אצבע
נבחרת,נבחר
בעית,בעיה
כדורסלן,כדורסלן
שפלה,שפלה
מדרגות,מדרגה
לסת,לסת
פגרה,פגרה
מיפגשים,מפגש
אינדיקציה,אינדיקציה
מסמרות,מסמרת
מיקדמה,מקדמה
סבלנות,סבלנות
יוגוסלווי,יוגוסלבי
תלכיד,תלכיד
ציון,ציון
פרט,פרט
מעידה,מעידה
פיינל,פיינל
פור,פור
וותיק,ותיק
כדורסלני,כדורסלן
הפתעת,הפתעה
גדולות,גדולות
דחיפה,דחיפה
עייפות,עייפות
קונצנזוס,קונצנזוס
גבוהי,גבוה
מוביל,מוביל
פצעי,פצע
הפסדי,הפסד
מסירה,מסירה
בלם,בלם
שלישית,שלישייה
קפטן,קפטן
פארק,פארק
מרק,מרק
מגרשים,מגרש
רגלי,רגל
דייל,דייל
שיוויון,שוויון
תיגרה,תגרה
נזקים,נזק
בריסטול,בריסטול
ישוב,יישוב
איזור,איזור
כר,כר
דשא,דשא
כוכבים,כוכב
סגל,סגל
שוערים,שוער
חלוף,חלוף
פרשנים,פרשן
מתמודד,מתמודד
חיפאים,חיפאי
נגב,נגב
מוראל,מורל
שכנות,שכנות
סוגרי,סוגר
מסננת,מסננת
אלופים,אלוף
הבקעה,הבקעה
דיווחי,דיווח
סופרי,סופר
הבדלי,הבדל
כדורגלנים,כדורגלן
תבוסות,תבוסה
ליקויים,ליקוי
תורפה,תורפה
ייצוב,ייצוב
חוד,חוד
ימות,יום
דעים,דעים
נשימה,נשימה
תור,תור
גימור,גימור
געגועים,געגוע
אוירה,אוויר
נין,נין
תקוות,תקווה
הישגי,הישג
אולימפיאדות,אולימפיאדה
הגרלה,הגרלה
מיגבלת,מגבלה
תועלת,תועלת
עדיפת,עדיף
טורנירים,טורניר
זינוק,זינוק
גילאי,גיל
נעלי,נעל
מקצועיות,מקצועיות
טכניקה,טכניקה
סיבולת,סיבולת
צרכים,צרכים
מנטליות,מנטליות
יציעים,יציע
סדרי,סדר
עדיפויות,עדיפות
בילוי,בילוי
קנקן,קנקן
בירה,בירה
פאב,פאב
דיסקוטקים,דיסקוטק
הימורי,הימור
טוטו,טוטו
לוטו,לוטו
הנאה,הנאה
שיגרה,שיגרה
שעמום,שעמום
רמזורים,רמזור
גרוש,גרוש
חור,חור
טלויזיות,טלויזיות
וקמנים,וקמנים
קומפקט,קומפקט
דיסקים,דיסק
גולים,גול
דמקה,דמקה
קלפים,קלף
רולטה,רולטה
גדר,גדר
וואדי,ואדי
מושבים,מושב
תאי,תא
קופצים,קופץ
אופציה,אופציה
עונות,עונה
משימת,משימה
רחבות,רחבה
פריצות,פריצה
סיכוני,סיכון
ענין,עניין
מזג,מזג
משקוף,משקוף
פינה,פינה
אצטדיון,אצטדיון
השיגו,השיג
יציע,יציע
בלונים,בלון
צעיפים,צעיף
חולצות,חולצה
סערה,סערה
כולן,כול
מ,מ
נגיחה,נגיחה
החמצות,החמצה
חלוצי,חלוץ
תבוסה,תבוסה
ניצוצות,ניצוץ
התראה,התראה
העתקה,העתקה
סוכנויות,סוכנות
הפסקות,הפסקה
התנצלות,התנצלות
הסברים,הסבר
תדמית,תדמית
מכשור,מכשור
צרה,צרה
מקלחת,מקלחת
שטיפת,שטיפה
שיניים,שן
כיור,כיור
מותרות,מותרות
ברז,ברז
דליים,דלי
קומקומים,קומקום
צנרת,צנרת
קפדנות,קפדנות
תאריך,תאריך
שבח,שבח
נוחות,נוחות
אחראים,אחראי
קביעות,קביעות
מנוי,מנוי
ויזה,ויזה
אשראי,אשראי
וויזה,ויזה
תלונות,תלונה
עמלת,עמלה
רבעון,רבעון
התרעה,התרעה
משיכת,משיכה
לקוח,לקוח
הצגות,הצגה
חפץ,חפץ
מתנה,מתנה
פליטה,פליט
היטמעות,היטמעות
דלקות,דלקת
סימנים,סימן
גיבורת,גיבור
תיכוניסטית,תיכוניסט
עיתונאית,עיתונאית
מקומון,מקומון
פנימיות,פנימייה
עקורים,עקור
מאפיין,מאפיין
התנשאות,התנשאות
מאפיינים,מאפיין
גיבורה,גיבור
זווית,זווית
פנימייה,פנימייה
תרמית,תרמית
פערים,פער
תולעת,תולעת
סופרת,סופר
רעש,רעש
אוזניים,אוזן
ואקום,ואקום
נימוס,נימוס
סיפורי,סיפור
אהבות,אהבה
מבוגרים,מבוגר
גישות,גישה
כישרון,כישרון
שפות,שפה
טרמף,טרמפ
הלקאה,הלקאה
צרות,צרה
דואליות,דואליות
זרות,זרות
עקרות,עקרות
דפי,דף
שבט,שבט
צילומי,צילום
כושי,כושי
גנב,גנב
בימה,בימה
פרקי,פרק
דיסקטים,דיסקט
עורכת,עורך
סדרות,סדרה
התנפלות,התנפלות
פרגון,פרגון
מיניסטר,מיניסטר
מוצר,מוצר
טובות,טובה
בימוי,בימוי
הצחקות,הצחקה
טקסט,טקסט
הדפסים,הדפס
ציירים,צייר
תערוכה,תערוכה
הדפס,הדפס
מפעלות,מפעלות
עמותת,עמותה
עיצוב,עיצוב
אלבומים,אלבום
אמנים,אמן
גלריות,גלריה
אלבום,אלבום
מנהלות,מנהל
אסופת,אסופה
פורמט,פורמט
שליש,שליש
כמות,כמות
עותקים,עותק
מוזיאונים,מוזיאון
מרכזים,מרכז
מטרת,מטרה
מגע,מגע
איסוף,איסוף
תסריט,תסריט
לחן,לחן
גלוסקא,גלוסקה
גרושה,גרוש
קיוסק,קיוסק
סינמטק,סינמטק
הקרנות,הקרנה
שען,שען
מות,מוות
מלכת,מלך
פנטסיה,פנטזיה
מפגש,מפגש
מלכה,מלך
רטט,רטט
טקסטים,טקסט
פנטסיות,פנטזיה
איכויות,איכות
מיוזיקל,מיוזיקל
וולס,ולס
אורות,אור
צללים,צל
קבצן,קבצן
ציפור,ציפור
מכנסי,מכנסיים
שבת,שבת
גאלה,גאלה
נושאי,נושא
חצות,חצות
צהרים,צהריים
תשורת,תשורה
סניפי,סניף
לקוחה,לקוח
מדד,מדד
פידיון,פדיון
מועדי,מועד
יציאה,יציאה
הטבות,הטבה
נבכי,נבך
הפתעות,הפתעה
אשרו,אישר
תיבה,תיבה
הודעת,הודעה
מועדים,מועד
הצמדה,הצמדה
מקרא,מקרא
הקדמת,הקדמה
דילמה,דילמה
קיימא,קיימא
חסכונות,חיסכון
רווח,רווח
מק"ם,מק"ם
צרכן,צרכן
סידור,סידור
מוטב,מוטב
פגע,פגע
אגרונום,אגרונום
כלכלת,כלכלה
שבחי,שבח
גינוני,גינון
נימוסים,נימוס
רחצה,רחצה
פנטזיה,פנטזיה
פנטזיות,פנטזיה
עונג,עונג
אוטופיה,אוטופיה
אובססיה,אובססיה
מובלעת,מובלעת
קדושים,קדוש
טוטליטריות,טוטליטרי
רדיפות,רדיפה
מעמקי,מעמקים
אובססיות,אובססיה
ארוטיקה,ארוטיקה
הכרזת,הכרזה
אינדיווידואליות,אינדיבידואליות
אידיאולוגיות,אידיאולוגיה
דמוקרטיות,דמוקרטיה
הצדקה,הצדקה
הכרזה,הכרזה
קידוש,קידוש
לבנה,לבנה
הרגשת,הרגשה
קתדרלה,קתדרלה
התנסות,התנסות
מחבר,מחבר
מוסיקה,מוזיקה
תחושות,תחושה
וולגריות,וולגריות
זימה,זימה
ניבולי,ניבול
ערמומיות,ערמומיות
קיצוני,קיצוני
אובדן,אובדן
נתק,נתק
תלות,תלות
גבר,גבר
רופאה,רופא
אספירין,אספירין
עצבנות,עצבנות
נדודי,נדודים
שינה,שינה
תשישות,תשישות
מרשמים,מרשם
פסיכולוגית,פסיכולוג
אבחון,אבחון
מעמסה,מעמסה
טורקייה,תורכי
בגדים,בגד
מטפחת,מטפחת
הרטבת,הרטבה
נערות,נער
מחלקות,מחלקה
התקפים,התקף
מחטים,מחט
משפחות,משפחה
אימהות,אם
אסיסטנטית,אסיסטנט
נערה,נערה
זונה,זונה
השכלה,השכלה
בהלה,בהלה
תוכחת,תוכחה
פדגוגית,פדגוג
הורים,הורה
שפתות,שפה
אבר,אבר
מעון,מעון
בחינות,בחינה
התעללות,התעללות
אפוטרופסות,אפוטרופסות
מוט,מוט
קניות,קנייה
מגדת,מגיד
עתידות,עתיד
נערות,נערה
אבא,אבא
דודה,דוד
קיבה,קיבה
עובדות,עובד
מקרי,מקרה
אבות,אב
נישואים,נישואין
מורים,מורה
אימונית,אימונית
לעג,לעג
התבדחות,התבדחות
תלמידות,תלמידה
שחייה,שחייה
כיתה,כיתה
תינוק,תינוק
אח,אח
קוראן,קוראן
לימודים,לימודים
סדנת,סדנה
תפירה,תפירה
תופרות,תופרת
פטמה,פטמה
סדנה,סדנה
נהיגה,נהיגה
צרכנית,צרכן
אריזה,אריזה
פסטה,פסטה
פטוציני,פטוציני
תרד,תרד
ביצים,ביצה
כולסטרול,כולסטרול
יבואן,יבואן
תוויות,תווית
סימון,סימון
גבינה,גבינה
חלב,חלב
שומן,שומן
גבינות,גבינה
משטחים,משטח
סמינר,סמינר
צמחייה,צמחייה
חי,חי
חדרי,חדר
ציור,ציור
רישום,רישום
הכרת,הכרה
סודות,סוד
נופש,נופש
ניגוד,ניגוד
קוצר,קוצר
רוחק,רוחק
משקפיים,משקף
תרגילים,תרגיל
עיוורון,עיוורון
מכרים,מכר
פונים,פוני
קייטנות,קייטנה
מתנ"סים,מתנ"ס
בתים,בית
מורות,מורה
תרגול,תרגול
מחלות,מחלה
טראומות,טראומה
מרחקים,מרחק
עדשות,עדשה
קטרקט,קטרקט
גלאוקומה,גלאוקומה
עפעוף,עפעוף
הרפיה,הרפיה
דמעות,דמעה
סיכת,סיכה
שימון,שימון
צירי,ציר
ליקוי,ליקוי
פגם,פגם
אבחנה,אבחנה
אספקטים,אספקט
אינסטינקטים,אינסטינקט
תרגילי,תרגיל
חשיפה,חשיפה
רפיון,רפיון
התערערות,התערערות
מוסקטרים,מוסקטר
יבול,יבול
כרכים,כרך
עוזרים,עוזר
שלד,שלד
טונים,טון
קמליות,קמליה
פאפא,פאפא
שלוות,שלווה
רועה,רועה
זאבים,זאב
סנדלר,סנדלר
שערה,שערה
שערות,שערה
התגשמות,התגשמות
איחול,איחול
אומנות,אומנות
סנדלרות,סנדלרות
זאבי,זאב
יער,יער
משעול,משעול
מיסטר,מיסטר
ספקן,ספקן
ציידים,צייד
תמותה,תמותה
חיה,חיה
אחוזה,אחוזה
מעללי,מעלל
דיאלוגים,דיאלוג
אהה,אהה
מו"ל,מו"ל
הברות,הברה
מיתה,מיתה
דוכנים,דוכן
קטלוג,קטלוג
לקסיקון,לקסיקון
שוחר,שוחר
צבע,צבע
ארכיטקטית,ארכיטקט
בוגרת,בוגר
טכניון,טכניון
בנייני,בניין
יערים,הערים
ניגודים,ניגוד
צבעים,צבע
מעברים,מעבר
גונים,גוון
גוונים,גוון
מרגוע,מרגוע
עצמים,עצם
צביעה,צביעה
צביעת,צביעה
אוכל,אוכל
שיקולים,שיקול
צבעוניות,צבעוניות
מוח,מוח
מסרים,מסר
כיבוי,כיבוי
פונקציות,פונקציה
הנעת,הנעה
מסדרון,מסדרון
חמנייה,חמנייה
ניכור,ניכור
חתך,חתך
מדרחוב,מדרחוב
נחלת,נחלה
מעקות,מעקה
תצלומי,תצלום
נוכחת,נוכח
ערבוב,ערבוב
אזורי,אזור
עוברים,עובר
שמורת,שמורה
קדומים,קדומים
חורשות,חורשה
טיולים,טיול
תלמוד,תלמוד
צמחיית,צמחייה
צמחים,צמח
צמחי,צמח
נביאים,נביא
שמורה,שמורה
מדריכים,מדריך
מדרשה,מדרשה
הדרכה,הדרכה
מטיילים,מטייל
נוהג,נוהג
גבי,גב
שלט,שלט
צומח,צומח
עצי,עץ
שקד,שקד
בד,בד
מנורה,מנורה
ספירת,ספירה
עומר,עומר
זיתים,זית
מנורת,מנורה
מקדש,מקדש
משלים,משל
ארזי,ארז
שיחי,שיח
אזוב,אזוב
זעתר,זעתר
רותם,רותם
מדרשים,מדרש
משל,משל
גנת,גינה
הדגמת,הדגמה
בריכת,בריכה
ערבות,ערבה
צפצפה,צפצפה
ערבה,ערבה
מרכיבי,מרכיב
גאון,גאון
הדס,הדס
סבך,סבך
בשמים,בושם
כופר,כופר
חינה,חינה
מור,מור
ירושה,ירושה
פריחת,פריחה
דודאים,דודא
גפן,גפן
סמדר,סמדר
רימונים,רימון
מסיק,מסיק
שילוט,שילוט
ברזי,ברז
מתקני,מתקן
שירותים,שירותים
הליכה,הליכה
שבתות,שבת
ערבי,ערב
הזמנת,הזמנה
מנהג,מנהג
חסרי,חסר
חולי,חולי
ערכים,ערך
כותל,כותל
צבר,צבר
לידה,לידה
מצברים,מצבר
היקלטות,היקלטות
פרישה,פרישה
זרוע,זרוע
שדולת,שדולה
מתקפה,מתקפה
לינץ,לינץ
שארית,שארית
אכיפת,אכיפה
תחיה,תחייה
אדוני,אדון
מקסימום,מקסימום
הידברות,הידברות
הפצצת,הפצצה
כור,כור
התחשבות,התחשבות
סיבוכים,סיבוך
הנחתת,הנחתה
גרזן,גרזן
בלטה,בלטה
יוצאת,יוצא
פרנסת,פרנסה
עדה,עדה
בלבול,בלבול
מגף,מגף
ספירה,ספירה
מטוסי,מטוס
מאפיה,מאפייה
אצטלה,אצטלה
אספקה,אספקה
תפקוד,תפקוד
חטופים,חטוף
סחיטת,סחיטה
לירטות,לירטה
נרצחים,נרצח
דלפק,דלפק
רוצחים,רוצח
חוקים,חוק
תיקים,תיק
פקידי,פקיד
קרובי,קרוב
עלי,עלה
דפנה,דפנה
תקציבי,תקציב
אוטונומיה,אוטונומיה
קונפדרציה,קונפדרציה
הלך,הלך
כפרים,כפר
הריסות,הריסה
צריפונים,צריפון
כבישי,כביש
ממדי,ממד
איטיות,איטיות
משאל,משאל
קומוניסטים,קומוניסטי
פרלמנט,פרלמנט
מרוצת,מרוצה
תגבורת,תגבורת
מרחק,מרחק
קציני,קצין
אפס,אפס
היסטוריונים,היסטוריון
גנבות,גניבה
דוקטוראט,דוקטורט
פלאגיאט,פלגיאט
תאולוגיה,תיאולוגיה
דוקטור,דוקטור
כוהן,כוהן
מתנקש,מתנקש
גילוי,גילוי
הכללת,הכללה
נבחרים,נבחר
דחיית,דחייה
ליגת,ליגה
בול,בול
חרם,חרם
מדענים,מדען
קטעים,קטע
ראיות,ראייה
אתיקה,אתיקה
הגינות,הגינות
הוגי,הוגה
חיבור,חיבור
ניסוחים,ניסוח
ציטוטים,ציטוט
הערות,הערה
הרחבה,הרחבה
רטוריקה,רטוריקה
מחברים,מחבר
בעלות,בעלות
קונצרן,קונצרן
קוסמטיקה,קוסמטיקה
חטיבות,חטיבה
כתובת,כתובת
יצרן,יצרן
צרכנות,צרכנות
קנייה,קנייה
שקדים,שקד
אגוזי,אגוז
לוז,לוז
קליפה,קליפה
פירות,פרי
אריזות,אריזה
פיצוחים,פיצוחים
אגוזים,אגוז
תקלה,תקלה
תרופה,תרופה
דואר,דואר
משלוח,משלוח
תדהמה,תדהמה
כתמי,כתם
הבחנות,הבחנה
טרמפיסט,טרמפיסט
חנגה,חנגה
ספרדי,ספרדי
סירוס,סירוס
היסטריה,היסטריה
לילות,לילה
חיץ,חיץ
אנארכיה,אנרכיה
פאניקה,פאניקה
זבובים,זבוב
כליה,כליה
גדוד,גדוד
מסתורין,מסתורין
גוב,גוב
סרטן,סרטן
פרנסה,פרנסה
נעליים,נעל
זכייה,זכייה
אולפני,אולפן
סכנת,סכנה
הכחדה,הכחדה
ריגושים,ריגוש
מבקר,מבקר
צפייה,צפייה
הסרטות,הסרטה
התבוננות,התבוננות
סצינות,סצנה
פארקים,פארק
פתיחת,פתיחה
מעשיות,מעשייה
אגמים,אגם
משטחי,משטח
גולף,גולף
חנויות,חנות
מזכרות,מזכרת
נפטלין,נפטלין
אנימציה,אנימציה
מפלצות,מפלצת
הקלטות,הקלטה
דמה,דם
נתוני,נתון
עומס,עומס
סטים,סט
שערי,שער
הפקות,הפקה
משיכה,משיכה
תרנגולת,תרנגולת
ביצי,ביצה
הפקה,הפקה
שליט,שליט
יצורים,יצור
ניצולים,ניצול
תחכום,תחכום
ספינת,ספינה
רודפים,רודף
מרשם,מרשם
אולפנים,אולפן
תלבושות,תלבושת
תפאורה,תפאורה
אבזרים,אביזר
מחסנים,מחסן
הופכין,הופכין
מחזר,מחזר
לבוש,לבוש
ריהוט,ריהוט
רכבת,רכבת
שיטפון,שיטפון
קניון,קניון
שדים,שד
רעידת,רעידה
דיאלוג,דיאלוג
הרס,הרס
תשבץ,תשבץ
עריכה,עריכה
אולפן,אולפן
הריסה,הריסה
ניתוח,ניתוח
דיילים,דייל
קרונית,קרונית
נחשול,נחשול
גלונים,גלון
יושביה,ישב
גבעה,גבעה
קאט,קאט
הנחיה,הנחיה
אלתור,אלתור
פרטי,פרט
משתתף,משתתף
סד,סד
אימה,אימה
אופרה,אופרה
מסכי,מסך
קלסיקה,קלאסיקה
הנפשה,הנפשה
אמני,אמן
גו,גו
סקי,סקי
צילומים,צילום
מיצגי,מיצג
מידת,מידה
רעננות,רעננות
מיצגים,מיצג
ליצנים,ליצן
שדרות,שדרה
אדריכלות,אדריכלות
גרפיטי,גרפיטי
פריים,פריים
קינוח,קינוח
צלחת,צלחת
רוק,רוק
גיטרה,גיטרה
צבעי,צבע
קשת,קשת
יעילות,יעילות
תקלות,תקלה
כרכרה,כרכרה
זרימה,זרימה
סטאז,סטאז
יתרונות,יתרון
תענוגות,תענוגות
בילויי,בילוי
מופעי,מופע
שוקחתן,שוקחתן
צלילה,צלילה
גלישה,גלישה
כרישים,כריש
ברבור,ברבור
חדרים,חדר
יאכטות,יכטה
סירות,סירה
כנסים,כנס
מבני,מבנה
מוטלים,מוטל
מונח,מונח
שמרנים,שמרן
דמוקרטים,דמוקרט
התרחקות,התרחקות
פשיטות,פשיטה
קהילייה,קהילייה
תפאורנית,תפאורן
בובות,בובה
שקים,שק
בדי,בד
בובה,בובה
טוש,טוש
שיער,שיער
חוטי,חוט
משיחה,משיחה
ספוגיות,ספוגיות
ניקוי,ניקוי
ברזליות,ברזליות
חרוזים,חרוז
שרשראות,שרשרת
כובעים,כובע
נוצות,נוצה
פריטים,פריט
פורטרטים,פורטרט
אופנה,אופנה
משכית,משכית
שקי,שק
קטניות,קטנית
דגם,דגם
שק,שק
שפע,שפע
גזרי,גזר
חלוקי,חלוק
זרעונים,זרעון
מקלות,מקל
קינמון,קינמון
גבעולי,גבעול
חיטה,חיטה
פלפלים,פלפל
תלייה,תלייה
קיר,קיר
מהדרין,מהדר
שאיפה,שאיפה
האדרת,האדרה
גדלים,גודל
ס"ם,ס"ם
מדבקות,מדבקה
וי,וי
מרקמים,מרקם
פסים,פס
ריבועים,ריבוע
צורות,צורה
זחל,זחל
תינוקות,תינוק
רוחב,רוחב
מילימטר,מילימטר
מטלית,מטלית
תכשיטים,תכשיט
כפות,כף
מזלגות,מזלג
כפיות,כפית
עיטור,עיטור
ידית,ידית
מוטיב,מוטיב
תכשיט,תכשיט
תליונים,תליון
עניבה,עניבה
תליון,תליון
פרוסות,פרוסה
חום,חום
בועות,בועה
אחלמה,אחלמה
תווך,תווך
טבעות,טבעת
עגילים,עגיל
טבעת,טבעת
מ"ם,מ"ם
דו"ח,דו"ח
סה"ך,סה"ך
העמקת,העמקה
גבייה,גבייה
גזברות,גזברות
פרויקטים,פרויקט
דו"חות,דו"ח
נטל,נטל
מזגן,מזגן
תנור,תנור
חורף,חורף
עלויות,עלות
ק"ק,ק"ק
קילו,קילוגרם
קלוריות,קלוריה
מדידה,מדידה
תפוקת,תפוקה
אגתנור,אגתנור
מרכזיה,מרכזייה
מיכל,מכל
סולר,סולר
ארובה,ארובה
תנורים,תנור
תנורי,תנור
מקרנים,מקרן
קונווקטורים,קונווקטור
רדיאטורי,רדיאטור
מפגע,מפגע
התלקחות,התלקחות
פתחי,פתח
אוורור,אוורור
קונבקטורים,קונבקטור
כווייה,כווייה
רדאר,רדאר
שדות,שדה
מנוחת,מנוחה
עולמים,עולם
תאונת,תאונה
אישי,אישים
תעבורה,תעבורה
קרבן,קרבן
קטל,קטל
נתיבות,נתיבה
מליץ,מליץ
יושר,יושר
דרכך,דרך
פילוסופיה,פילוסופיה
אבדה,אבדה
דגמים,דגם
אולמי,אולם
ארונות,ארון
מטבח,מטבח
ציפוי,ציפוי
סוגי,סוג
הצמדת,הצמדה
צירים,ציר
מוכר,מוכר
אלון,אלון
חסרונות,חסרון
עיבוד,עיבוד
עולמות,עולם
תרגיל,תרגיל
בוהק,בוהק
מטבחים,מטבח
שבבית,שבבית
סיבית,סיבית
מלמין,מלמין
סנדוויץ,סנדוויץ
פורמייקה,פורמייקה
פורניר,פורניר
סוגים,סוג
מעבדה,מעבדה
מכניקה,מכניקה
מטבחי,מטבח
לבידים,לביד
דיקטים,דיקט
רהיטים,רהיט
קילוף,קילוף
סיבים,סיב
שתי,שת
עובי,עובי
עישון,עישון
מזיקי,מזיק
גריסת,גריסה
פסולת,פסולת
יצרני,יצרן
מתכות,מתכת
מסמרים,מסמר
פירזול,פרזול
חיבורים,חיבור
גריסה,גריסה
פלאטות,פלטה
נצולת,נצולת
לחות,לחות
מפגעי,מפגע
גיוון,גיוון
פאנל,פנל
פלטות,פלטה
טחינה,טחינה
בלילה,בלילה
אורן,אורן
המחשת,המחשה
מ"ק,מ"ק
סרגלים,סרגל
מרווח,מרווח
כיווני,כיוון
קצוות,קצה
עיוות,עיוות
הדבקה,הדבקה
איטום,איטום
קאנטים,קנט
עיסה,עיסה
טכנולוגיית,טכנולוגיה
דחיסות,דחיסה
אבק,אבק
ספיחת,ספיחה
תהליכי,תהליך
ניצולת,ניצולת
סחורה,סחורה
ייבוש,ייבוש
מזיקים,מזיק
פוליטורה,פוליטורה
לכה,לכה
עמידות,עמידות
שריטות,שריטה
גרם,גרם
נוזלים,נוזל
מיץ,מיץ
כתמים,כתם
קירות,קיר
מדפים,מדף
מגירות,מגירה
אזהרה,אזהרה
אדי,אד
השפעת,השפעה
הפרדה,הפרדה
חדירת,חדירה
תפיחה,תפיחה
התייבשות,התייבשות
דבקי,דבק
פוליוויניל,פוליוויניל
אצטט,ציטט
מבחנים,מבחן
גוון,גוון
קרינת,קרינה
נתון,נתון
קורוזיה,קורוזיה
תפקדם,תפקדם
סימולציה,סימולציה
מדגם,מדגם
סגירה,סגירה
מכונה,מכונה
העמסה,העמסה
שחיקה,שחיקה
הכתמה,הכתמה
שריטה,שריטה
שבירה,שבירה
בלאי,בלאי
סם,סם
הרכבה,הרכבה
לכלוך,לכלוך
התקנת,התקנה
שודד,שודד
אופנוע,אופנוע
עמודים,עמוד
אישומים,אישום
שוד,שוד
הפרעה,הפרעה
כספומט,כספומט
כספרית,כספר
מפתחות,מפתח
קופה,קופה
חותמת,חותמת
תאריכים,תאריך
פנקס,פנקס
לקוחות,לקוח
צעצוע,צעצוע
תקרה,תקרה
רצינות,רצינות
נאון,נאון
הוראת,הוראה
שקית,שקית
אימת,אימה
אוהלים,אוהל
קרוואנים,קרוואן
פיקדון,פיקדון
המלצת,המלצה
פאשיסטים,פשיסט
תוהו,תוהו
בוהו,בוהו
דיקטטורה,דיקטטורה
שלוחות,שלוחה
שרידים,שריד
משדרים,משדר
מודיעין,מודיעין
ציפייה,ציפייה
תארים,תואר
קלישאות,קלישאה
נס,נס
עיירות,עיירה
אנרציה,אינרציה
בדק,בדק
סוגיית,סוגיה
דינמיקה,דינמיקה
מנה,מנה
לוקאל,לוקאל
פטריוטיות,פטריוטיות
תאור,תיאור
שריפות,שריפה
שרידי,שריד
תאום,תאום
קבלות,קבלה
שתילים,שתיל
חזיתות,חזית
מרקטים,מרקט
רוכלים,רוכל
עידן,עידן
סימפטום,סימפטום
שורש,שורש
בכייה,בכייה
יאוש,יאוש
קיפוח,קיפוח
הסתגלות,הסתגלות
ראשונים,ראשונים
עולי,עולה
אפיזודה,אפיזודה
מלכודת,מלכודת
תמיכות,תמיכה
עיירת,עיירה
השגחה,השגחה
תולדה,תולדה
מחדלי,מחדל
סיבת,סיבה
הכפלת,הכפלה
הוספה,הוספה
קסמים,קסם
פיתרונות,פתרון
הרכבת,הרכבה
מילה,מילה
יישובים,יישוב
התארגנות,התארגנות
גרעינים,גרעין
ילידי,יליד
ישובים,יישוב
אתגרים,אתגר
סוחרי,סוחר
כנופיות,כנופיה
אמין,אמין
ניצול,ניצול
מנגנונים,מנגנון
מושלי,מושל
אפסים,אפס
אילמים,אילם
זיופים,זיוף
איים,אי
קאנצלר,קנצלר
שחרור,שחרור
יפאנים,יפני
עמי,עם
תזוזה,תזוזה
מו"ם,מו"ם
נספח,נספח
פיוס,פיוס
ישע,ישע
רודן,רודן
מיטב,מיטב
עוררין,עוררין
גזים,גז
ציוד,ציוד
מוסר,מוסר
השכל,השכל
מונים,מונה
סיעות,סיעה
מסירת,מסירה
פרוש,פרוש
מכסת,מכסה
מושבי,מושב
חתימת,חתימה
ח,ח
כ,כ
יבבות,יבבה
צמחיה,צמחייה
שביל,שביל
דירת,דירה
שמלת,שמלה
כלה,כלה
קליבר,קליבר
הדק,הדק
אשמה,אשמה
מהגרות,מהגר
מטפחות,מטפחת
טנתם,טנתם
חלכאים,חלכאים
אפליה,אפליה
כותלי,כותל
עומק,עומק
דפוסי,דפוס
מיתולוגיה,מיתולוגיה
אובייקט,אובייקט
שינאה,שנאה
כפייה,כפייה
קוד,קוד
רבות,רב
לשכות,לשכה
אדישות,אדישות
מפלט,מפלט
עינויים,עינוי
אוטוקרט,אוטוקרט
אבי,אב
מודרניזציה,מודרניזציה
צרפתיות,צרפתי
יווניות,יווני
השגי,השג
זרע,זרע
איסלם,אסלאם
אחיות,אח
סהר,סהר
מפרנס,מפרנס
נקיון,ניקיון
עזר,עזר
טורקי,תורכי
קטין,קטין
מנסרות,מנסרה
השפלות,השפלה
כפל,כפל
כפליים,כפליים
מימרה,מימרה
בידוד,בידוד
טיול,טיול
טובה,טובה
דודות,דוד
דודים,דוד
קרובים,קרוב
ידידים,ידיד
טוהר,טוהר
בתולי,בתולים
איחוי,איחוי
בתולים,בתולים
רופאי,רופא
ריקוד,ריקוד
שידוך,שידוך
מוהר,מוהר
מקלטי,מקלט
בריחה,בריחה
מחסנית,מחסנית
עובדת,עובד
לוחמה,לוחמה
תחמושת,תחמושת
התרעות,התרעה
לוחות,לוח
מסופי,מסוף
יושב,יושב
אדמת,אדמה
מצרים,מצרי
אבטחה,אבטחה
פיגועי,פיגוע
בטיחות,בטיחות
הימנעות,הימנעות
עודפים,עודף
מבחר,מבחר
שאריות,שארית
מציאה,מציאה
קטיפה,קטיפה
צמר,צמר
פינוק,פינוק
רבעים,רובע
אריג,אריג
קורדרוי,קורדרוי
נעל,נעל
סוליה,סוליה
רוקי,רוק
סולית,סוליה
רכיסת,רכיסה
נערים,נער
דגמי,דגם
עקבים,עקב
חצאי,חצי
מגפיים,מגף
פרווה,פרווה
מגפון,מגפון
זכיון,זיכיון
נעלים,נעל
רפידה,רפידה
מדבקת,מדבקה
טיוטות,טיוטה
מונארכיה,מונרכיה
ממלכה,ממלכה
הפגנתיות,הפגנתיות
איסור,איסור
מפגינות,מפגין
משאיות,משאית
שחצנות,שחצנות
איכרים,איכר
מחיה,מחיה
שגיאות,שגיאה
מבצעי,מבצע
קונטרס,קונטרס
קברי,קבר
סנדיניסטים,סנדיניסט
הכרעת,הכרעה
רובים,רובה
מקלעים,מקלע
משגרי,משגר
אדמות,אדמה
מורדים,מורד
מפקדים,מפקד
השארת,השארה
סוציאליזם,סוציאליזם
קפיטליזם,קפיטליזם
דמוקרטיזציה,דמוקרטיזציה
מהפכה,מהפכה
גיבורים,גיבור
קלפיות,קלפי
מערכה,מערכה
מדינאים,מדינאי
לוחמי,לוחם
גרילה,גרילה
שפיכות,שפיכות
סבל,סבל
הפיכה,הפיכה
ביון,ביון
נסיונות,ניסיון
גנראל,גנרל
אינדיאנים,אינדיאני
קדמה,קדמה
סחף,סחף
דוד,דוד
מזוודות,מזוודה
קרדיולוג,קרדיולוג
ותק,ותק
הנדסת,הנדסה
פנאומטיקה,פנאומטיקה
אטרקציה,אטרקציה
מחרת,מחרת
מרפסת,מרפסת
נחיתת,נחיתה
ניצנים,ניצן
דוברים,דובר
מרכיב,מרכיב
מצוקת,מצוקה
פרטנרים,פרטנר
דימויים,דימוי
קולחוז,קולחוז
רכזים,רכז
כפר,פר
נחשלות,נחשלות
הזנחה,הזנחה
אלטרנטיווה,אלטרנטיבה
נציגויות,נציגות
מזכירה,מזכירה
כנות,כנות
הרי,הר
מתמטיקה,מתמטיקה
פרספקטיווה,פרספקטיבה
קונפליקט,קונפליקט
כישלונות,כישלון
עיקרון,עיקרון
קיבוצניק,קיבוצניק
מחקרים,מחקר
ממצאים,ממצא
גופי,גוף
מתנדבים,מתנדב
פן,פן
הכרעות,הכרעה
קטינים,קטין
מחלק,מחלק
פשעים,פשע
אוננות,אוננות
פרוצות,פרוצה
פרשייה,פרשייה
ניתוק,ניתוק
סלידה,סלידה
אתנחתא,אתנחתא
עשורים,עשור
צופרי,צופר
אזעקה,אזעקה
סירנה,סירנה
צרורות,צרור
צפירות,צפירה
אנחות,אנחה
צופר,צופר
יבבת,יבבה
שועל,שועל
נהי,נהי
מרום,מרום
שפחה,שפחה
צפירת,צפירה
סרגל,סרגל
צופרים,צופר
נחרת,נחרה
בוז,בוז
צפצפות,צפצפה
יקום,יקום
אזעקת,אזעקה
הצהרה,הצהרה
שקר,שקר
אצבעות,אצבע
ייאוש,ייאוש
ארגעה,ארגעה
תרועה,תרועה
שברים,שבר
תקיעה,תקיעה
גרון,גרון
סירנות,סירנה
תהיות,תהייה
הרף,הרף
תיאולוגים,תיאולוג
חכמי,חכם
תיזות,תזה
תורות,תורה
זאפטות,זפטה
קטנות,קטנות
זדוניות,זדוניות
גרגורי,גרגור
קדוש,קדוש
כתר,כתר
הדלפות,הדלפה
התפטרות,התפטרות
אמינות,אמינות
חטיבת,חטיבה
מגמת,מגמה
מחזורי,מחזור
ליטאים,ליטאי
גרוזינים,גרוזיני
קילומטר,קילומטר
תל"ג,תל"ג
רובל,רובל
רפובליקות,רפובליקה
קיסרות,קיסרות
מרות,מרות
מדעות,מדעות
נתיני,נתין
אוקיינוס,אוקיינוס
עורקי,עורק
רוסי,רוסי
עצרת,עצרת
מולות,מולה
עצרות,עצרת
אימאם,אימאם
בצל,בצל
חומה,חומה
מולה,מולה
הזרמת,הזרמה
העמדת,העמדה
יצרנית,יצרן
תשלובות,תשלובת
מיניסטריון,מיניסטריון
חזה,חזה
עסקה,עסקה
ביורוקרטים,ביורוקרט
הפרטה,הפרטה
דוכן,דוכן
לאומים,לאום
אפליית,אפליה
חורמה,חורמה
טטרית,טטרי
מהמר,מהמר
אסטרטגיה,אסטרטגיה
ביורוקרט,ביורוקרט
רקטור,רקטור
מפת,מפה
קומדיה,קומדיה
צידוק,צידוק
צביון,צביון
צלע,צלע
תסבוכת,תסבוכת
טריוויאליות,טריוויאליות
זיווגים,זיווג
מקריות,מקריות
שנינות,שנינות
ספונטניות,ספונטניות
לינה,לינה
מאהבים,מאהב
אקלים,אקלים
שריון,שריון
תותחנים,תותחן
סיירת,סיירת
טנקים,טנק
פריסת,פריסה
צד"ל,צד"ל
התארגנויות,התארגנות
מיליציה,מיליציה
סקירה,סקירה
קרוב,קרוב
קונצרטים,קונצרט
קונסרבטוריון,קונסרבטוריון
דב,דוב
פסנתרן,פסנתרן
סונטה,סונטה
פסנתר,פסנתר
נקישתיות,נקישתיות
יצירות,יצירה
אתגרי,אתגר
מאזניים,מאזניים
הופעת,הופעה
זמר,זמר
מאזין,מאזין
אוזן,אוזן
אריה,אריה
נשף,נשף
מסכות,מסכה
מיתרי,מיתר
תכנים,תוכן
ביצועי,ביצוע
עקומה,עקומה
ליש"ט,ליש"ט
אספנים,אספן
קוני,קונה
סוחר,סוחר
עתיקות,עתיקות
מובילים,מוביל
ברונזה,ברונזה
קדרות,קדרות
זיגוג,זיגוג
צנצנת,צנצנת
שושלת,שושלת
טובי,טוב
ציורים,ציור
ין,ין
אומדן,אומדן
שחקים,שחקים
נהירה,נהירה
אימפרסיוניזם,אימפרסיוניזם
פוביזם,פוביזם
יהלומי,יהלום
אומדנים,אומדן
קומפוזיציה,קומפוזיציה
משי,משי
קטיגוריות,קטגוריה
סטטוס,סטטוס
פרי,פרי
מונה,מונה
קונה,קונה
אסכולות,אסכולה
סיכונים,סיכון
גופר,גופר
סקטור,סקטור
העסקת,העסקה
מפכ"ל,מפכ"ל
גלולה,גלולה
מילוא,מילוא
נחת,נחת
כינון,כינון
כדאיות,כדאיות
תקני,תקן
קצינים,קצין
מינוי,מינוי
יועצים,יועץ
מינויים,מינוי
דרגת,דרגה
שיבוצים,שיבוץ
חוות,חווה
דריכות,דריכות
השערות,השערה
שכנוע,שכנוע
השמצות,השמצה
עשייה,עשייה
תנ"ץ,תנ"ץ
איון,איון
פריסה,פריסה
דפוסים,דפוס
דרגות,דרגה
היערכות,היערכות
גודש,גודש
תגבור,תגבור
תורנות,תורנות
שוטרי,שוטר
דלדול,דלדול
מנכל,מנכ"ל
מטות,מטה
יעוד,ייעוד
ייזום,ייזום
חידושים,חידוש
מתאם,מתאם
יכולות,יכולת
מיומנות,מיומנות
משמעויות,משמעות
בכירי,בכיר
מבצעים,מבצע
שיטור,שיטור
שדרת,שדרה
חסינות,חסינות
כשלונות,כישלון
עלה,עלה
תאנה,תאנה
זקים,זקים
גזירות,גזירה
פנסיות,פנסיה
מבוטחים,מבוטח
חישובים,חישוב
מורא,מורא
מחוקקים,מחוקק
תקנות,תקנה
תקצוב,תקצוב
השקעת,השקעה
איגרות,איגרת
הפחתת,הפחתה
רבותא,רבותא
לוקס,לוקס
שלם,שלם
שידוד,שידוד
מהלכים,מהלך
ראיה,ראייה
גרסאות,גרסה
עונשים,עונש
ממצא,ממצא
פקודת,פקודה
הליך,הליך
אמצעי,אמצעי
העדפת,העדפה
פסקי,פסק
הקלטת,הקלטה
סתר,סתר
הלכת,הלכה
הלכות,הלכה
מוחות,מוח
נקמת,נקמה
תגובת,תגובה
אשכנזי,אשכנזי
הפחדת,הפחדה
חריג,חריג
פירוש,פירוש
אינטרס,אינטרס
התפשרות,התפשרות
חפים,חף
התייפייפות,התייפייפות
הוכחת,הוכחה
יוצאים,יוצא
מכללות,מכללה
פקולטות,פקולטה
לימודי,לימודים
תעודת,תעודה
התנדבות,התנדבות
מכללה,מכללה
אוניברסיטאות,אוניברסיטה
ידענים,ידען
למדנים,למדן
מוטיוובציה,מוטיוובציה
משקיף,משקיף
עלית,עלית
כשירות,כשירות
פקולטה,פקולטה
אמנויות,אמנות
הדר,הדר
פנטומימה,פנטומימה
שבתון,שבתון
השתלמות,השתלמות
מקבילו,הקביל
קורסים,קורס
בזבוז,בזבוז
ביה"ס,בי"ס
התפלגות,התפלגות
שעורם,שעורם
מחילה,מחילה
כפרה,כפרה
לול,לול
פטם,פטם
משקי,משק
העדפה,העדפה
פטמים,פטם
מכסות,מכסה
סובסידיה,סובסידיה
תלושים,תלוש
מגדלים,מגדל
אפרוחים,אפרוח
מדגרות,מדגרה
קיטוב,קיטוב
רקמת,רקמה
פלישת,פלישה
עיראקים,עיראקי
פרופיל,פרופיל
לוויינים,לוויין
התגוננות,התגוננות
רכישות,רכישה
שותפות,שותפות
מנך,מן
לית,לית
פיטורים,פיטורין
צמצומים,צמצום
העשרה,העשרה
סיווג,סיווג
טבחות,טבחות
פקידות,פקידות
אחזקה,אחזקה
כרטסת,כרטסת
מעוזים,מעוז
הלויית,הלוויה
גזען,גזען
חיילת,חייל
רעל,רעל
הלוויות,הלוויה
קודמות,קודם
פורעים,פורע
מצביעי,מצביע
קיצור,קיצור
תפישות,תפישה
ליצן,ליצן
אסיפות,אסיפה
פלקטים,פלקט
בגידה,בגידה
חצר,חצר
סופרמרקט,סופרמרקט
גיטאות,גטו
סיסמת,סיסמה
העלאות,העלאה
התקוממות,התקוממות
רומנים,רומני
תכניות,תוכנית
צנע,צנע
הכרחיות,הכרחיות
פטר,פטר
גילויי,גילוי
מפגינים,מפגין
מצור,מצור
עצומות,עצומה
סיקור,סיקור
גלגולים,גלגול
קואליציות,קואליציה
טראנספר,טרנספר
תרופת,תרופה
הסתלקות,הסתלקות
ניצים,נץ
יונים,יון
מקסם,מקסם
שווא,שווא
ריחוק,ריחוק
ניצי,נץ
שבויים,שבוי
סערת,סערה
צרכי,צורך
הכרח,הכרח
אוות,אווה
הרג,הרג
תעוזה,תעוזה
רוגז,רוגז
חרפה,חרפה
ניצוץ,ניצוץ
טיל,טיל
אבידות,אבדה
אסונות,אסון
ספינה,ספינה
ממשלים,ממשל
הרתעה,הרתעה
עוד,עוד
תיקי,תיק
פרשות,פרשה
הסתבכות,הסתבכות
מעילה,מעילה
דיסקרציה,דיסקרציה
נימוק,נימוק
הסתברות,הסתברות
הסקת,הסקה
הפלת,הפלה
מגן,מגן
שאננות,שאננות
תזמון,תזמון
היכון,נכון
גלים,גל
ראיית,ראייה
קלף,קלף
כים,כים
שמיר,שמיר
המולה,המולה
נאום,נאום
ארמון,ארמון
נפאלים,נפאלים
חוקה,חוק
נסיך,נסיך
היכל,היכל
חתימה,חתימה
נפילה,נפילה
מד"א,מד"א
משמרות,משמר
משכורות,משכורת
החרפת,החרפה
מליאה,מליאה
הבראה,הבראה
התנכלות,התנכלות
הבראת,הבראה
השתכרות,השתכרות
מנשר,מנשר
כוננויות,כוננות
מתמחים,מתמחה
מתמחה,מתמחה
תורנויות,תורנות
לוחמת,לוחם
מטופלים,מטופל
לוואי,לוואי
הוכחות,הוכחה
מזגני,מזגן
פעמיים,פעם
שקידה,שקידה
השערה,השערה
מאהל,מאהל
מעברת,מעברה
בטון,בטון
גשמים,גשם
אוהל,אוהל
יריעות,יריעה
ניילון,ניילון
תאורת,תאורה
חוצות,חוצות
נציגות,נציגה
הוקעת,הוקעה
אחדות,אחדות
ע"ם,ע"ם
מנגנוני,מנגנון
נפץ,נפץ
לירות,לירה
גידולים,גידול
תאים,תא
גינקולוג,גינקולוג
פוריות,פוריות
בי"ח,בי"ח
חקר,חקר
עובר,עובר
שליה,שלייה
בדיקות,בדיקה
מבחנה,מבחנה
חיות,חיה
ניסויים,ניסוי
סודיות,סודיות
פטנט,פטנט
חברה,חבר
בליינד,בליינד
כמויות,כמות
מיטוסיס,מיטוסיס
פיצול,פיצול
עכברים,עכבר
קרינה,קרינה
סרטנים,סרטן
ביתור,ביתור
סרטני,סרטן
מחלת,מחלה
עכברי,עכבר
רנטגן,רנטגן
ועידה,ועידה
וועידה,ועידה
עיקולים,עיקול
שיבושים,שיבוש
זרם,זרם
שאיבה,שאיבה
ארכה,ארכה
פירעון,פירעון
עיכוב,עיכוב
חקלאים,חקלאי
השקיה,השקיה
צרכני,צרכן
הזרמה,הזרמה
איחוד,איחוד
המון,המון
מעצמת,מעצמה
הבנייה,הבנייה
אג"ח,אג"ח
עתק,העתק
שותפויות,שותפות
אשף,אשף
החזרים,החזר
מליונר,מיליונר
ספקית,ספקית
הזמנות,הזמנה
יבשה,יבשה
שווקים,שוק
תככים,תככים
טכס,טקס
סוציאליסט,סוציאליסט
הצבעת,הצבעה
השבעה,השבעה
הבטחת,הבטחה
תמיכת,תמיכה
רוחות,רוח
דתי,דתי
שאלת,שאלה
מסגד,מסגד
תזמורת,תזמורת
נשיפה,נשיפה
תופים,תוף
חצוצרות,חצוצרה
מעריצים,מעריץ
מוסלמית,מוסלמי
קסטות,קסטה
מרידות,מרידה
שרפה,שרף
סביבות,סביבה
אחה"ץ,אחה"ץ
עשן,עשן
מעלית,מעלית
סדין,סדין
שרפות,שרפות
הצתה,הצתה
תייר,תייר
חוקרת,חוקר
תחקור,תחקור
משוגע,משוגע
ע"ר,ע"ר
כניעת,כניעה
חוטפים,חוטף
חירות,חירות
חטיפה,חטיפה
כמיהת,כמיהה
טביעות,טביעה
מתנגדי,מתנגד
טיסת,טיסה
טייס,טייס
אספה,אספה
כביש,כביש
צליינים,צליין
גיא,גיא
עמוד,עמוד
דורי,דור
רישיון,רישיון
תאונה,תאונה
פניית,פנייה
נוסע,נוסע
חציה,חצייה
שהות,שהות
בורר,בורר
ערמון,ערמון
זלזול,זלזול
חוגי,חוג
זימון,זימון
משמרת,משמרת
אפוד,אפוד
אפודי,אפוד
מיגון,מיגון
אפודים,אפוד
צמדים,צמד
שלשות,שלשה
תרגולות,תרגולת
טכניקות,טכניקה
ערנות,ערנות
חשדנות,חשדנות
הישנות,הישנות
סולידאריות,סולידאריות
שייכות,שייכות
מדים,מדים
מדע,מדע
סנאטורים,סנטור
אלמוניות,אלמוניות
דרשה,דרשה
התבטאות,התבטאות
תומך,תומך
אהבת,אהבה
תפילת,תפילה
דרוזים,דרוזי
גאן,גאן
נפרד,נפרד
בזק,בזק
טפר,טופר
דירקטורים,דירקטור
הגדרות,הגדרה
הקצנה,הקצנה
פקודה,פקודה
דקירה,דקירה
צוער,צוער
מאפיות,מאפיה
בס,בס
חניה,חנייה
רח,רח
צוותים,צוות
ניתוחים,ניתוח
כירורגים,כירורגים
אפודות,אפודה
מתפללים,מתפלל
דקירת,דקירה
קשישים,קשיש
משפחתון,משפחתון
ניסוי,ניסוי
קשיש,קשיש
משפחתונים,משפחתון
ארוחות,ארוחה
הרצאות,הרצאה
מעונות,מעון
גרימת,גרימה
הורדה,הורדה
גנבה,גניבה
טוראי,טוראי
מג"ד,מג"ד
סרן,סרן
סניגורים,סנגור
ערעורים,ערעור
נאשמי,נאשם
חנינה,חנינה
מח"ט,מח"ט
אפידמיולוגיה,אפידמיולוגיה
פראנקים,פראנקים
סכרת,סכרת
דוגמא,דוגמה
גזזת,גזזת
דיקן,דיקן
ניידות,ניידות
תוקפים,תוקף
ייחוס,ייחוס
הגעת,הגעה
אולטימאטום,אולטימטום
מודעות,מודעות
החזקת,החזקה
רוטאציה,רוטאציה
פרישת,פרישה
אופציות,אופציה
חישוקים,חישוק
גדודים,גדוד
סורים,סורי
התייעצויות,התייעצות
מצבת,מצבה
אניית,אונייה
מלחים,מלח
טנק,טנק
דיוויזיות,דיוויזיות
רפובליקאי,רפובליקני
הצבת,הצבה
שחורי,חור
מגיד,מגיד
טריז,טריז
שיגור,שיגור
בחורים,בחור
הגבלות,הגבלה
תעודות,תעודה
סגר,סגר
מסגדים,מסגד
איסלאם,אסלאם
קליע,קליע
תהלוכה,תהלוכה
נשר,נשר
רימוני,רימון
תצפיות,תצפית
מסי,מס
מנוס,מנוס
הכבדת,הכבדה
מילואים,מילואים
לובי,לובי
מרבית,מרבית
מטבעות,מטבע
האטה,האטה
לירטה,לירטה
פרנק,פרנק
החלשות,היחלשות
מארקים,מארקים
שבעות,שבעות
הובלת,הובלה
הברחת,הברחה
מכלים,מכל
פורומים,פורום
מנתחי,מנתח
ניתוחי,ניתוח
חטיבה,חטיבה
קופ"ח,קופ"ח
פיטורין,פיטורין
כיבוד,כיבוד
דוברת,דובר
התמסרות,התמסרות
פיצוי,פיצוי
שמץ,שמץ
פירושים,פירוש
תוכנה,תוכנה
טלקומוניקציה,טלקומוניקציה
מנכ"לי,מנכ"ל
פיתוחים,פיתוח
הכשר,הכשר
שפנים,שפן
אוטומט,אוטומט
מזכירת,מזכירה
מיליונרים,מיליונר
קבצנים,קבצן
%,O
בז,בז
אסם,אסם
מחסן,מחסן
פצצת,פצצה
תירוצים,תירוץ
שיאין,שיאין
שלילה,שלילה
ספיגת,ספיגה
קליעת,קליעה
קלע,קלע
שלשה,שלשה
בריוני,בריון
אבני,אבן
מסיכות,מסיכה
צעדה,צעדה
מצעד,מצעד
מוזמן,מוזמן
פציעות,פציעה
נסיכויות,נסיכות
אמירות,אמירות
שגרירויות,שגרירות
אימוני,אימון
ענן,ענן
סיסמאות,סיסמה
אמיר,אמיר
רמקולים,רמקול
לוחמים,לוחם
כווייתים,כווייתים
מקרקעי,מקרקעין
וילות,וילה
קוטגים,קוטגים
פרדס,פרדס
השכרה,השכרה
החכרת,החכרה
אחזקות,אחזקה
שוכרים,שוכר
שיפוצים,שיפוץ
נווה,נווה
אביבים,אביב
מיקום,מיקום
הכשרת,הכשרה
נדל"ן,נדל"ן
רוזמרין,רוזמרין
קורט,קורט
קוטג,קוטג
קשתות,קשת
מתווכים,מתווך
מצפה,מצפה
בעלי,בעלים
הובלה,הובלה
שמינית,שמינייה
נציגה,נציגה
השלמה,השלמה
מ,ם
אנגלי,אנגלי
זיל,זיל
אריס,אריס
מדי,מדים
סלים,סל
כדורסלנים,כדורסלן
חמישיה,חמישייה
פארקט,פארקט
אוהד,אוהד
שגיאה,שגיאה
תענוג,תענוג
פנמן,פנמן
ליחו,שליח
מיפגן,מיפגן
קליעות,קליעה
עירעור,עירעור
ארועים,אירוע
מדומיים,מדומיים
