איתר,איתר
חבטו,חבט
חשו,חש
הגישו,הגיש
התקרב,התקרב
נסגרו,נסגר
היכו,הכה
אחזו,אחז
התחיל,התחיל
לנסוע,נסע
איבד,איבד
מעד,מעד
נחת,נחת
חסם,חסם
נרגם,נרגם
אחז,אחז
ביקש,ביקש
לפגוע,פגע
נשמעו,נשמע
נלך,הלך
לשחרר,שחרר
להוציא,הוציא
הורדה,הורד
קוראים,קרא
עונה,ענה
תם,תם
מתחיל,התחיל
תהיה,היה
נמצאים,נמצא
אמרו,אמר
ניסה,ניסה
להסתיר,הסתיר
הסיתו,הסית
רקמו,רקם
מוסיף,הוסיף
נפגע,נפגע
פתחו,פתח
הוצבו,הוצב
סיפרו,סיפר
הבחינו,הבחין
נושאת,נשא
נראתה,נראה
נמלטת,נמלט
משמש,שימש
אמר,אמר
נורו,נורה
הזהירה,הזהיר
ינסו,ניסה
מתגוררים,התגורר
התבקשו,התבקש
לדווח,דיווח
נהרג,נהרג
נרצח,נרצח
נדקר,נדקר
נפצעו,נפצע
היו,היה
הועברו,הועבר
חולים,חלה
סירב,סירב
לפרט,פירט
שוחררו,שוחרר
הוטל,הוטל
יימשך,נמשך
הופתע,הופתע
החלו,החל
נודע,נודע
היה,היה
הופץ,הופץ
קרא,קרא
דיווחו,דיווח
תקפו,תקף
ניפצו,ניפץ
פצעו,פצע
נמסר,נמסר
התפשטו,התפשט
הושלכו,הושלך
התנפצו,התנפץ
נחשד,נחשד
נשרפה,נשרף
דקרו,דקר
דוווח,דוווח
נפצע,נפצע
הועבר,הועבר
חוקרים,חקר
נמצא,נמצא
מסרו,מסר
השתמש,השתמש
הגיע,הגיע
קבע,קבע
התקיימה,התקיים
הסיר,הסיר
הושמו,הושם
טענו,טען
הוכו,הוכה
סמוך,סמך
אושפז,אושפז
הושלך,הושלך
התנפץ,התנפץ
להתלקח,התלקח
לגרום,גרם
נפצעה,נפצע
טופלה,טופל
ערך,ערך
שמע,שמע
נמשכות,נמשך
הודיע,הודיע
הגיעו,הגיע
ביקר,ביקר
נמשכו,נמשך
התמקדו,התמקד
יידו,יידה
הגדיר,הגדיר
מתרחש,התרחש
דיווח,דיווח
הוסיפו,הוסיף
עצרו,עצר
רבים,רב
גרמו,גרם
מיידי,יידה
להשליך,השליך
ירה,ירה
פצע,פצע
נורה,נורה
ירדו,ירד
חונות,חנה
דר,דר
התברר,התברר
בוצע,בוצע
ניהל,ניהל
ירו,ירה
נמלטו,נמלט
מסר,מסר
השיב,השיב
דוח,דיווח
מותקפים,הותקף
ילכו,הלך
יגברו,גבר
עצרה,עצר
הובילה,הוביל
אושפזו,אושפז
נשברה,נשבר
טופלו,טופל
עצר,עצר
לאתר,איתר
נותרו,נותר
התנגד,התנגד
אושפזה,אושפז
נזרקה,נזרק
נמצאת,נמצא
העלו,העלה
יתבצע,התבצע
ממוקמת,מוקם
נגרם,נגרם
אין,אין
נידונו,נידון
הורשעו,הורשע
מתבונן,התבונן
מתעד,תיעד
ראו,ראה
מהווה,היווה
ראה,ראה
הולכת,הלך
צוברת,צבר
לבוא,בא
מתכוון,התכוון
מתנכרת,התנכר
מחריף,החריף
הולך,הלך
מעצבות,עיצב
אינה,אינו
מוגבלת,הוגבל
להחזיק,החזיק
תתעקש,התעקש
מעידה,העיד
מגדיר,הגדיר
הפכה,הפך
לברוח,ברח
משתדלים,השתדל
למחוק,מחק
היא,הוא
מרגש,ריגש
להיות,היה
יש,יש
להתרגש,התרגש
מכנה,כינה
מצטרף,הצטרף
הפך,הפך
דומה,דמה
עושים,עשה
עסק,עסק
כינה,כינה
לחדד,חידד
מתייחדים,התייחד
מוסגר,הוסגר
אינו,אינו
מאפיין,אפיין
למצוא,מצא
נאמרים,נאמר
תושמע,הושמע
נושאים,נשא
ציוו,ציווה
תזכה,זכה
הוא,הוא
מפריע,הפריע
נכללו,נכלל
אינם,אינו
נראים,נראה
נראה,נראה
נתפסת,נתפס
רוצה,רצה
נתעד,תיעד
נלמד,למד
נשתדל,השתדל
להבין,הבין
הוליד,הוליד
מסתייג,הסתייג
יהיה,היה
מסיק,הסיק
לנסות,ניסה
לבטא,ביטא
איננה,אינו
לשקף,שיקף
יודע,ידע
יגנה,גינה
אומר,אמר
מדליק,הדליק
להתמודד,התמודד
נוגע,נגע
מביא,הביא
כרך,כרך
שואב,שאב
מתאחדים,התאחד
מוכיח,הוכיח
לך,הלך
תוכיח,הוכיח
מנחילי,הנחיל
מרגשים,ריגש
תזכיר,הזכיר
צודק,צדק
פותחים,פתח
סוגרים,סגר
הפקיעו,הפקיע
ניערו,ניער
התאמצו,התאמץ
להחדיר,החדיר
מוליכים,הוליך
התפשטה,התפשט
ממשיך,המשיך
להעיז,העז
נוהרים,נהר
כותב,כתב
נוסעים,נסע
לעשות,עשה
לחפש,חיפש
נוסע,נסע
מכריח,הכריח
רצים,רץ
מחפשים,חיפש
השתדלו,השתדל
לעקור,עקר
מדובר,דובר
זכור,זכר
נותר,נותר
להפיק,הפיק
יצרו,יצר
מסתבר,הסתבר
מתנכרים,התנכר
מחפשת,חיפש
תגיע,הגיע
להתעמת,התעמת
מעיזים,העז
לחוש,חש
להביע,הביע
סבורים,סבר
להוליד,הוליד
מבטא,ביטא
קרתה,קרה
המציא,המציא
הן,הוא
מעוררות,עורר
תתאפשר,התאפשר
להגן,הגן
הוכיחת,הוכיחת
מוקעות,הוקע
להיאבק,נאבק
טועים,טעה
מסיטים,הסיט
לעקר,עיקר
מייצג,ייצג
גוברת,גבר
שיננו,שינן
מצווה,ציווה
להישאר,נשאר
מחייבת,חייב
לבצר,ביצר
עלה,עלה
להילחם,נלחם
להימנע,נמנע
מעלה,העלה
להניח,הניח
שומרים,שמר
מצליח,הצליח
להישמר,נשמר
קורה,קרה
מגיב,הגיב
מבין,הבין
הולידו,הוליד
מובן,הובן
הופך,הפך
לנגח,ניגח
היתה,היה
מספר,סיפר
נפל,נפל
חשב,חשב
הצליח,הצליח
לרפא,ריפא
בא,בא
הסתובב,הסתובב
ליקט,ליקט
שיכנע,שכנע
לשבת,ישב
להתלבש,התלבש
לאכול,אכל
להשפיע,השפיע
לתקן,תיקן
נענו,נענה
נכחו,נכח
ערכו,ערך
להזעיק,הזעיק
הלכו,הלך
פרץ,פרץ
מעורר,עורר
נזכור,זכר
ריכז,ריכז
להיבחר,נבחר
לטעון,טען
עורר,עורר
הצית,הצית
תוסיף,הוסיף
ללחוש,לחש
תדעך,דעך
להעלות,העלה
נכנסת,נכנס
מתחילה,התחיל
להרחיב,הרחיב
רצח,רצח
עומד,עמד
לגרור,גרר
להרים,הרים
יעבור,עבר
יקרה,קרה
יהיו,היה
ישלמו,שילם
לשים,שם
מדבר,דיבר
תתגשם,התגשם
נזהר,נזהר
לאיים,איים
יעשה,עשה
למנוע,מנע
לסבך,סיבך
ממונים,מונה
לקום,קם
לנקום,נקם
האשימה,האשים
מוטחת,הוטח
נאמר,נאמר
נפסק,נפסק
ניתנה,ניתן
מקדשת,קידש
סבור,סבר
פגעו,פגע
יבקשו,ביקש
לנצל,ניצל
להקל,הקל
מכינים,הכין
יכינו,הכין
יסמנו,סימן
מספיק,הספיק
יחפש,חיפש
ביצעו,ביצע
ניסו,ניסה
לרצוח,רצח
פעלו,פעל
לפעול,פעל
לתת,נתן
יזמה,יזם
אישרה,אישר
נותנת,נתן
תקפיד,הקפיד
לסכן,סיכן
עשתה,עשה
לעודד,עודד
לבצע,ביצע
תתאמת,התאמת
נעמוד,עמד
למדו,למד
סילקו,סילק
הטיף,הטיף
לשנוא,שנא
להיפקח,נפקח
לרסן,ריסן
התפרעו,התפרע
להתמיד,התמיד
קיללו,קילל
מוטלת,הוטל
לחזק,חיזק
מפר,הפר
לעמוד,עמד
קבעה,קבע
לחון,חנן
נשפטו,נשפט
מגנה,גינה
ישמיע,השמיע
מושפע,הושפע
ליצור,יצר
תשים,שם
תרחיק,הרחיק
ייפגעו,נפגע
תבודד,בודד
עומדת,עמד
מוחזקים,הוחזק
לפותרה,פתר
רואים,ראה
ישחרר,שחרר
להורות,הורה
נחלקות,נחלק
ישנו,יישן
ידע,ידע
מתלבט,התלבט
מוותר,ויתר
מתפשר,התפשר
מובילים,הוביל
אומרים,אמר
דואגים,דאג
נחלקת,נחלק
נכונים,נכון
נאלצים,נאלץ
לוותר,ויתר
משוכנעים,שוכנע
יאמצו,אימץ
טמון,טמן
מובטח,הובטח
מעביר,העביר
משאיר,השאיר
יוותרו,ויתר
מתעצמת,התעצם
יותיר,הותיר
להמשיך,המשיך
יימשכו,נמשך
מבקשת,ביקש
לומר,אמר
נמשך,נמשך
יביא,הביא
נזכה,זכה
לראות,ראה
נצפה,צפה
הם,הוא
להציג,הציג
מאמינה,האמין
יושמה,יושם
מצויים,מצוי
להיחשב,נחשב
נסחף,נסחף
מבקש,ביקש
להאמין,האמין
לגבש,גיבש
משלים,השלים
ערוך,ערך
נקלע,נקלע
נדרש,נדרש
מצויה,מצוי
מאוחדות,אוחד
רוצים,רצה
לשלוט,שלט
נמנה,נמנה
רצו,רץ
פטור,פטר
לשכנע,שכנע
מתנגשות,התנגש
אינן,אינו
להושיע,הושיע
לעזור,עזר
נושא,נשא
יגיע,הגיע
נהנים,נהנה
להשקיף,השקיף
פוקדות,פקד
מפתיעות,הפתיע
חוזר,חזר
מאבדים,איבד
שולפים,שלף
לפתור,פתר
אמרתי,אמר
תימשך,נמשך
אוהב,אהב
להזכיר,הזכיר
חלפו,חלף
חדר,חדר
השלים,השלים
יצא,יצא
באו,בא
התנחלו,התנחל
תצא,יצא
להסתפח,הסתפח
יארכו,ארך
מזכיר,הזכיר
איבדו,איבד
הולכות,הלך
דועכות,דעך
נלחמים,נלחם
יצאו,יצא
פרצו,פרץ
מנעה,מנע
חיסלה,חיסל
מנסה,ניסה
להגשים,הגשים
מצטרפים,הצטרף
מקבלים,קיבל
מתפרצים,התפרץ
חיים,חי
מתפרקת,התפרק
להתפרק,התפרק
יפרצו,פרץ
מורכבת,הורכב
מתוארת,תואר
פרחה,פרח
חובקות,חבק
הבחינה,הבחין
שוררת,שרר
משוסע,שוסע
מפרידים,הפריד
אוחזים,אחז
ישבו,ישב
לצאת,יצא
תיאר,תיאר
באים,בא
הקים,הקים
להספידו,הספיד
מנחש,ניחש
מצביעים,הצביע
נערך,נערך
נהג,נהג
לתאר,תיאר
ביטא,ביטא
נולד,נולד
דגלו,דגל
באה,בא
הציע,הציע
רץ,רץ
נדמה,נדמה
מסכן,סיכן
סיכן,סיכן
משך,משך
הייתי,היה
כינס,כינס
נוהג,נהג
להלך,הילך
דיבר,דיבר
מיצמץ,מצמץ
ירק,ירק
שולף,שלף
קורע,קרע
הריעו,הריע
מריעים,הריע
התיימרו,התיימר
להוות,היווה
הפיץ,הפיץ
עשה,עשה
לגרש,גירש
רושמים,רשם
קמה,קם
שיגרה,שיגר
לייצגה,ייצג
מתגבשת,התגבש
מותנית,הותנה
להיפטר,נפטר
יהפוך,הפך
אינני,אינו
הספיק,הספיק
להעריך,העריך
עבר,עבר
מתגורר,התגורר
לימדו,לימד
מניח,הניח
מאמין,האמין
עובר,עבר
ביקרנו,ביקר
אמרנו,אמר
הגיב,הגיב
מלאו,מלא
מכירים,הכיר
שובה,שובה
כתב,כתב
נמלט,נמלט
חזר,חזר
הוכרחו,הוכרח
להתרכז,התרכז
נצטוו,הצטווה
הורשה,הורשה
סברו,סבר
להתיר,התיר
לנהל,ניהל
ישתמשו,השתמש
נשאר,נשאר
לנו,לן
ייעצרו,נעצר
יגורשו,גורש
סיפק,סיפק
יכלו,יכל
לשמוע,שמע
השאירו,השאיר
קיבלו,קיבל
לסדר,סידר
איפשרו,אפשר
הרבה,הרבה
עקב,עקב
רשם,רשם
שרדו,שרד
העניקה,העניק
לנטוע,נטע
שיחזר,שחזר
נרקמה,נרקם
אילץ,אילץ
לשתף,שיתף
גרר,גרר
כבול,כבל
חשבו,חשב
מת,מת
שילח,שילח
צחק,צחק
שאלנו,שאל
הביט,הביט
אומרת,אמר
יסד,ייסד
עברה,עבר
נגסו,נגס
רצחו,רצח
הובסו,הובס
חזרו,חזר
השליטו,השליט
למד,למד
קמים,קם
נופלים,נפל
מסתלקים,הסתלק
שטפו,שטף
נסגר,נסגר
החליט,החליט
לסגור,סגר
מכיר,הכיר
שואלים,שאל
עוזר,עזר
להתנגד,התנגד
יורים,ירה
ניצב,ייצב
מגיע,הגיע
הצילו,הציל
להצילם,הציל
עשו,עשה
עודד,עודד
להתפלסף,התפלסף
מביכה,הביך
התרשמנו,התרשם
נמאסה,נמאס
לגם,לגם
הבאנו,הביא
הגישה,הגיש
מייסר,ייסר
שקע,שקע
נפרדנו,נפרד
החל,החל
לרדת,ירד
נתראה,התראה
זוכר,זכר
שולחים,שלח
משמח,שימח
מחפש,חיפש
אימצה,אימץ
נוצר,נוצר
התעניין,התעניין
נשארה,נשאר
אהבה,אהב
עזבה,עזב
עלתה,עלה
התיישבה,התיישב
התחתנה,התחתן
כותבת,כתב
חדלה,חדל
לכתוב,כתב
חשבה,חשב
להזיק,הזיק
השתנה,השתנה
שואלת,שאל
העלה,העלה
באנו,בא
לפקוד,פקד
הצביעו,הצביע
לאמת,אימת
הכתיבה,הכתיב
התאימו,התאים
להתרשם,התרשם
מתעלם,התעלם
מרבה,הרבה
לצטט,ציטט
ניהלו,ניהל
נשארו,נשאר
הקפיד,הקפיד
להתייחס,התייחס
איני,אינו
להתריס,התריס
קובע,קבע
נערכים,נערך
ייהפכו,נהפך
מחזיקה,החזיק
ענתה,ענה
ליווית,ליווה
רשמת,רשם
נאמרה,נאמר
הושר,הושר
סופרה,סופר
התייחסת,התייחס
התאים,התאים
פתחנו,פתח
קדם,קדם
הרגשתי,הרגיש
לייצג,ייצג
נגעו,נגע
נגע,נגע
מונחים,הונח
התפלל,התפלל
עוברים,עבר
נזקקים,נזקק
יבטא,ביטא
יחזק,חיזק
חזרתי,חזר
התחזקו,התחזק
מסכים,הסכים
סבל,סבל
לדכא,דיכא
שם,שם
נרצחו,נרצח
לשלב,שילב
להדגיש,הדגיש
טוענים,טען
מנדים,נידה
נסתגר,הסתגר
נשים,שם
להודות,הודה
כתבת,כתב
לימדת,לימד
לחשוב,חשב
נסעתי,נסע
חשתי,חש
ראיתי,ראה
משרתים,שירת
שואפים,שאף
התרעמתי,התרעם
עברו,עבר
חשבתי,חשב
סיננתי,סינן
הגעתי,הגיע
ביטאה,ביטא
לזכור,זכר
נספו,נספה
צר,צר
להסיק,הסיק
להתעלם,התעלם
דיברתי,דיבר
להיבנות,נבנה
קראתי,קרא
השמטת,השמיט
יפגמו,פגם
קצרה,קצר
הסברתי,הסביר
סבלו,סבל
מצפים,ציפה
פקדה,פקד
הזכרתי,הזכיר
ידעתי,ידע
לדבר,דיבר
משרת,שירת
חוויתי,חווה
הוטבעה,הוטבע
חווה,חווה
שהה,שהה
יבין,הבין
המשכת,המשיך
לדעת,ידע
שיננתי,שינן
למלא,מילא
יישאר,נשאר
נהגת,נהג
פוגעים,פגע
סיפר,סיפר
נבחר,נבחר
סיפרתי,סיפר
טואטאו,טואטא
מנקרות,ניקר
שלחו,שלח
נקרעו,נקרע
מותיר,הותיר
הדגמתי,הדגים
אירע,אירע
עצרתי,עצר
הדגשתי,הדגיש
חיפשנו,חיפש
לקצר,קיצר
שרר,שרר
רצנו,רץ
הלכנו,הלך
ניסיתי,ניסה
להכניס,הכניס
לייחס,ייחס
מלות,מל
הגענו,הגיע
ראינו,ראה
זכרנו,זכר
נעצבנו,נעצב
כהו,כהה
קהו,קהה
חש,חש
אוסיף,הוסיף
לבשו,לבש
ישנם,יש
להבינן,הבין
מצטיין,הצטיין
השפיע,השפיע
הקפדתי,הקפיד
להרטיט,הרטיט
הזדהיתי,הזדהה
ציינת,ציין
ניגנה,ניגן
היית,היה
להשתלב,השתלב
שררה,שרר
סיימה,סיים
מעריך,העריך
מייחס,ייחס
ריסן,ריסן
יחסר,חסר
להיעשות,נעשה
ייאסרו,נאסר
מרכזים,ריכז
מופרד,הופרד
יתרום,תרם
החזיק,החזיק
שיערתי,שיער
יתפתח,התפתח
יחזיק,החזיק
תחדל,חדל
להתקיים,התקיים
ייווצר,נוצר
מחממים,חימם
שואפות,שאף
להתרחק,התרחק
גדל,גדל
להתפוצץ,התפוצץ
יחשוב,חשב
להציל,הציל
נמנע,נמנע
יימצא,נמצא
יתברר,התברר
דרושה,דרש
להשתלט,השתלט
קשור,קשר
להצעיד,הצעיד
יסכימו,הסכים
לסור,סר
יושבים,ישב
השתייכו,השתייך
לחזור,חזר
להחזיר,החזיר
מסופק,סופק
תלך,הלך
תתפזר,התפזר
מהמר,הימר
תמשיך,המשיך
הביא,הביא
לממש,מימש
תרמו,תרם
לגייס,גייס
שואל,שאל
שבה,שבה
נבעה,נבע
זכה,זכה
אמרת,אמר
מטורף,הוטרף
שאל,שאל
היסס,היסס
תפשו,תפש
שמעתי,שמע
ייתן,נתן
חושש,חשש
ישב,ישב
התנהלו,התנהל
נחשפו,נחשף
סירבו,סירב
נפלטה,נפלט
השתמע,השתמע
להסיר,הסיר
גיליתי,גילה
זכו,זכה
תסלח,סלח
לשאול,שאל
מצייר,צייר
לדחוק,דחק
חלקו,חלק
הרגיש,הרגיש
מקיפים,הקיף
מזכירים,הזכיר
לנאום,נאם
נתן,נתן
לקרוא,קרא
נפגשתי,נפגש
תוכנן,תוכנן
להרחיקו,הרחיק
הצעתי,הציע
לאמץ,אימץ
להשיב,השיב
ציין,ציין
מנודה,נודה
נותנים,נתן
להתבטא,התבטא
אוכל,אכל
עשיתי,עשה
התקבל,התקבל
נתבקש,התבקש
יצטרך,הצטרך
לתמוך,תמך
הצהירו,הצהיר
מוקצה,הוקצה
ימשיך,המשיך
להתגלגל,התגלגל
לעסוק,עסק
החליטה,החליט
רואיין,רואיין
הסביר,הסביר
להביא,הביא
נועדה,נועד
להשתמש,השתמש
לחשוף,חשף
רצו,רצה
נותרה,נותר
מובלטת,הובלט
חושבים,חשב
הדפיס,הדפיס
שונא,שנא
מתעבים,תיעב
עושה,עשה
דורש,דרש
להתגורר,התגורר
הותיר,הותיר
תיכנן,תכנן
לפוצץ,פוצץ
דנו,דן
להצביע,הצביע
מפרנסים,פרנס
ידוע,ידע
לעצור,עצר
יחסמו,חסם
מרגיע,הרגיע
גורמת,גרם
הבינו,הבין
ספור,ספר
האשימו,האשים
להרשות,הרשה
הורה,הורה
להעניק,העניק
השיבה,השיב
תקנה,קנה
מיהר,מיהר
לחשב,חישב
ישאיר,השאיר
יטענו,טען
יזם,יזם
לכפר,כיפר
להצית,הצית
ייאמר,נאמר
לקבל,קיבל
איפשרה,אפשר
נקרא,נקרא
טובע,טבע
כושל,כשל
תאמר,אמר
פעל,פעל
תעניק,העניק
להרבות,הרבה
מטפלות,טיפל
קיבלה,קיבל
מפרגנים,פרגן
ידברו,דיבר
ניתן,ניתן
מייצגים,ייצג
יפרגנו,פרגן
מפליאה,הפליא
הוציא,הוציא
השתוקקתי,השתוקק
משתוקק,השתוקק
מזיק,הזיק
חולקים,חלק
פנה,פנה
בגר,בגר
להתפעל,התפעל
מעדיף,העדיף
זיכתה,זיכה
משפיע,השפיע
ללכלך,לכלך
להשמיץ,השמיץ
לרמוז,רמז
עולבים,עלב
זכורה,זכר
מחליטים,החליט
טורדת,טרד
יחליט,החליט
תכוון,כיוון
מופרך,הופרך
מופרכת,הופרך
נתנו,נתן
נחזור,חזר
מתגלה,התגלה
זוכים,זכה
יתגלו,התגלה
פיללו,פילל
יקבל,קיבל
מעליב,העליב
להתפרש,התפרש
נשאל,נשאל
מצאתי,מצא
הופיע,הופיע
הודיעו,הודיע
טילפנתי,טילפן
הוסיף,הוסיף
יצטרף,הצטרף
יכחיש,הכחיש
נכללים,נכלל
כוללת,כלל
נכשלתי,נכשל
אבין,הבין
יאמר,אמר
זוכה,זכה
מתמרמרים,התמרמר
לפסוק,פסק
מוצאים,מצא
מרצה,הרצה
להוציאו,הוציא
נעזר,נעזר
לבחור,בחר
יקרא,קרא
בחרו,בחר
קראת,קרא
בוחרים,בחר
מתחדשת,התחדש
חיבר,חיבר
מעניקה,העניק
הצטופפו,הצטופף
נאלצו,נאלץ
להרחיק,הרחיק
שוטף,שטף
עובדת,עבד
שוהים,שהה
מגיעים,הגיע
להציץ,הציץ
נזכר,נזכר
חי,חי
נשכח,נשכח
נכתבו,נכתב
להרוג,הרג
מצליחים,הצליח
להעביר,העביר
התוודע,התוודע
רוויים,רווה
להגדירה,הגדיר
לזהותה,זיהה
מופיעים,הופיע
שואף,שאף
מביים,ביים
משחק,שיחק
כתוב,כתב
נרדף,נרדף
מוצג,הוצג
מנותק,נותק
מתאהב,התאהב
לסחוף,סחף
שזורים,שזר
ייזכר,נזכר
שלח,שלח
תוהים,תהה
נאלץ,נאלץ
לעבוד,עבד
מזדמנות,הזדמן
להזניח,הזניח
עזב,עזב
להתפרנס,התפרנס
חוטב,חטב
משיט,השיט
לשמש,שימש
יעצבו,עיצב
יופיעו,הופיע
טרח,טרח
להשכיל,השכיל
התמנה,התמנה
התגלה,התגלה
הרעיפו,הרעיף
ביכרו,ביכר
מקביל,הקביל
זועמים,זעם
ביטאו,ביטא
תורגם,תורגם
הוצגה,הוצג
המשיכו,המשיך
לזרום,זרם
החלה,החל
לתסוס,תסס
ארכו,ארך
תפסו,תפס
פינתה,פינה
תקף,תקף
העדיף,העדיף
לשאת,נשא
הקנתה,הקנה
הביאו,הביא
השימו,השים
מורד,מרד
להלום,הלם
כינתה,כינה
גינתה,גינה
פגע,פגע
עבד,עיבד
להאריך,האריך
דרשו,דרש
ישוב,שב
ינודה,נודה
ימנעו,מנע
לפרסם,פרסם
מעניין,עניין
חלף,חלף
מצא,מצא
נודד,נדד
להגר,היגר
טוענת,טען
הוזמן,הוזמן
התגורר,התגורר
מספק,סיפק
סידר,סידר
הובטח,הובטח
יכתוב,כתב
נותק,נותק
קיווה,קיווה
עזבו,עזב
הקימו,הקים
עלו,עלה
הפכו,הפך
כפה,כפה
היטיבה,היטיב
נסוג,נסוג
לשוב,שב
עבד,עבד
לשחק,שיחק
בוטלה,בוטל
פרסם,פרסם
לגור,גר
רצה,רצה
אהב,אהב
התייחס,התייחס
הבנתי,הבין
לקח,לקח
לחקות,חיקה
השתגעו,השתגע
נחשק,נחשק
הצטרפה,הצטרף
לראותו,ראה
נקשר,נקשר
נתקל,נתקל
שאב,שאב
ספג,ספג
תורגמו,תורגם
הכריעו,הכריע
בגדתי,בגד
נענה,נענה
הכיר,הכיר
הופיעה,הופיע
הוצג,הוצג
תגיד,הגיד
ללכת,הלך
נפרדו,נפרד
נשמר,נשמר
נחתה,נחת
לקחה,לקח
שנא,שנא
הציב,הציב
יתגוררו,התגורר
קבעו,קבע
נכנע,נכנע
פרק,פרק
יחזיקו,החזיק
מתקשה,התקשה
נסתיימה,הסתיים
המשיך,המשיך
לנדוד,נדד
השתקע,השתקע
טפחה,טפח
בחר,בחר
הגיעה,הגיע
משמיץ,השמיץ
התלהב,התלהב
נהנה,נהנה
הלך,הלך
הידרדר,הידרדר
קיבל,קיבל
האמין,האמין
רקם,רקם
זנחו,זנח
אספו,אסף
להפקיד,הפקיד
גמלה,גמל
להשתתף,השתתף
רווי,רווה
התרחשה,התרחש
להשלים,השלים
התכוון,התכוון
נמצאו,נמצא
גררו,גרר
התאבד,התאבד
נקבר,נקבר
הורתה,הורה
לחרוט,חרט
פנו,פנה
צדק,צדק
הביע,הביע
לצחוק,צחק
נשלל,נשלל
עולה,עלה
להמציא,המציא
משמיעים,השמיע
נחשבת,נחשב
תורם,תרם
מחליף,החליף
מופיעה,הופיע
מחקה,חיקה
מועדים,מעד
ניצלים,ניצל
תורמים,תרם
מספקים,סיפק
לאבד,איבד
מותירים,הותיר
מתבסס,התבסס
כותבים,כתב
מסתפקים,הסתפק
תואם,תאם
הופכים,הפך
מתאים,התאים
גדלים,גדל
להפוך,הפך
הופיעו,הופיע
הציגו,הציג
איכלסו,אכלס
ממשיכים,המשיך
לרכב,רכב
מופיע,הופיע
ממשיכה,המשיך
מבכרים,ביכר
מבצעים,ביצע
צפוי,צפה
פוגם,פגם
מחבל,חיבל
מבינים,הבין
צוחקים,צחק
לקוות,קיווה
לשעשע,שיעשע
נחשב,נחשב
מתקבל,התקבל
מתפרס,התפרס
הכריז,הכריז
סומאו,סומא
זכינו,זכה
לעיין,עיין
נלקחה,נלקח
להצליח,הצליח
מצויד,צוייד
מצטייר,הצטייר
יחזור,חזר
הספיקו,הספיק
לסגל,סיגל
עומדים,עמד
מאכזבים,אכזב
מאופיינת,אופיין
סיחררה,סחרר
מרשים,הרשה
נעוצה,נעץ
מצוי,מצא
בולע,בלע
מלעיטים,הלעיט
ליוותה,ליווה
משנה,שינה
הבליט,הבליט
מסויג,סויג
שידרה,שידר
הצדיקה,הצדיק
מרוכזים,רוכז
מחטיא,החטיא
סיפקו,סיפק
לעקוב,עקב
מתברר,התברר
השכיל,השכיל
להיכשל,נכשל
אוהבים,אהב
מעניקים,העניק
עטופה,עטף
המציאו,המציא
ייראו,נראה
סרת,סר
חושפים,חשף
נכתבים,נכתב
נהפך,נהפך
משכילים,השכיל
היינו,היה
תעמיד,העמיד
תתחרה,התחרה
נזהרים,נזהר
נשארים,נשאר
מתרכזים,התרכז
שוהות,שהה
התעופף,התעופף
נחרט,נחרט
מושך,משך
מרחף,ריחף
קורא,קרא
לשגר,שיגר
יתמודדו,התמודד
ביקשה,ביקש
מתוכננים,תוכנן
לארח,אירח
הודיעה,הודיע
תחליט,החליט
תיעשה,נעשה
תתמודד,התמודד
התבטלה,התבטל
יארחו,אירח
צועדת,צעד
משובצת,שובץ
להמתין,המתין
יגיעו,הגיע
עמד,עמד
נשא,נשא
מתלהמים,התלהם
מפקחים,פיקח
הכינו,הכין
להתנקש,התנקש
להתבונן,התבונן
לארוב,ארב
התקבץ,התקבץ
משלב,שילב
מרים,הרים
מתלהט,התלהט
הושיטו,הושיט
התבלבל,התבלבל
נראו,נראה
מצאו,מצא
סגרו,סגר
סיננו,סינן
לגמור,גמר
חמקו,חמק
נבלעו,נבלע
הרגישה,הרגיש
נכנסו,נכנס
השתתקו,השתתק
תלויה,תלה
לנהוג,נהג
התיר,התיר
נהגו,נהג
מונצח,הונצח
התלקטו,התלקט
מאיר,האיר
נלחם,נלחם
לומד,למד
ביסס,ביסס
תהה,תהה
מרגיש,הרגיש
מתנהל,התנהל
להתנהג,התנהג
הוריש,הוריש
יצר,יצר
יבוא,בא
יחזרו,חזר
חזה,חזה
קרבה,קרב
מתרגשת,התרגש
התבטא,התבטא
נשבע,נשבע
להגיע,הגיע
ממלא,מילא
מקהיל,הקהיל
להתקשר,התקשר
חיקה,חיקה
נחתמו,נחתם
גרם,גרם
בגד,בגד
פסק,פסק
לקה,לקה
גבר,גבר
לשאוב,שאב
נוסה,נוסה
נשענים,נשען
קורעת,קרע
מקנה,הקנה
זימן,זימן
לפרוק,פרק
התקבלה,התקבל
האמינו,האמין
מפלסת,פילס
יחייבו,חייב
תאפשר,אפשר
לקבוע,קבע
שמה,שם
המיטה,המיט
יצאה,יצא
דעכה,דעך
שבו,שב
צצו,צץ
מלבי,ליבה
התפתחה,התפתח
יישק,נשק
מלמדים,לימד
לחלק,חילק
פלט,פלט
יצגו,ייצג
נמנים,נמנה
צמח,צמח
תגווע,גווע
מתפרץ,התפרץ
תתקבל,התקבל
יספק,סיפק
כיוון,כיוון
שיחרר,שחרר
הוגים,הגה
ניגן,ניגן
גנבו,גנב
חשף,חשף
העריך,העריך
יטה,נטה
קמו,קם
השכילו,השכיל
להתעטף,התעטף
לעמעם,עמעם
אימצו,אימץ
הולכים,הלך
לקלוט,קלט
יודעים,ידע
התכווץ,התכווץ
נגזרו,נגזר
ביקשו,ביקש
לפרוע,פרע
ריחף,ריחף
התנהל,התנהל
הושמטה,הושמט
חרגו,חרג
חרש,חרש
הוזכר,הוזכר
השתמשו,השתמש
נלחמו,נלחם
לתחום,תחם
הזכירו,הזכיר
להעמיד,העמיד
להוכיח,הוכיח
מיוחסות,יוחס
הרגו,הרג
פרשה,פרש
תוקן,תוקן
הזכירה,הזכיר
נקבע,נקבע
הושמט,הושמט
האשים,האשים
לחשוד,חשד
העמידה,העמיד
לחקור,חקר
עוררו,עורר
מופקר,הופקר
נוגעות,נגע
נחקרות,נחקר
למסור,מסר
חוקרת,חקר
התחלתי,התחיל
להתעניין,התעניין
הסתבר,הסתבר
חקר,חקר
פניתי,פנה
נתון,נתן
התפרסמה,התפרסם
נזעק,נזעק
נמסרה,נמסר
נדף,נדף
מתחמקות,התחמק
ייחל,ייחל
תיפסק,נפסק
חורשים,חרש
התחזק,התחזק
שיגר,שיגר
טופל,טופל
הניע,הניע
פחתו,פחת
התעוררו,התעורר
המליצה,המליץ
להעמידם,העמיד
התרשמתי,התרשם
הושפעה,הושפע
נמסרו,נמסר
מספיקות,הספיק
מחשיד,החשיד
תעמוד,עמד
התגמד,התגמד
לבש,לבש
נחסך,נחסך
טרחו,טרח
לחולל,חולל
ישחקו,שיחק
מוליכה,הוליך
מארחת,אירח
מדורגת,דורג
מחכה,חיכה
תפסיד,הפסיד
נאבקו,נאבק
הפתיע,הפתיע
ניצח,ניצח
מדורג,דורג
להיעלם,נעלם
נמכרו,נמכר
להיעדר,נעדר
מוביל,הוביל
יצפו,ציפה
להתקדם,התקדם
לגבור,גבר
יארח,אירח
צירף,צירף
מתעלה,התעלה
השיג,השיג
יתמודד,התמודד
משופשפים,שופשף
מתפקדים,התפקד
אוזל,אזל
להספיק,הספיק
מציירים,צייר
משונות,שונה
מסונפים,סונף
נפגעת,נפגע
מוצדקת,הוצדק
להדליף,הדליף
להתארגן,התארגן
להתכנס,התכנס
לבטל,ביטל
מתאמץ,התאמץ
לצרף,צירף
יממש,מימש
ציפו,ציפה
להגביר,הגביר
להגדיל,הגדיל
הנהיגה,הנהיג
מרחיקת,הרחיק
הוחלה,הוחל
צומצמו,צומצם
בוטלו,בוטל
חוסלו,חוסל
התבוננו,התבונן
נעשה,נעשה
תגשים,הגשים
בעטו,בעט
החזירו,החזיר
נכשלה,נכשל
הונהגו,הונהג
סובלת,סבל
מתקרב,התקרב
משוכנע,שוכנע
נמנעה,נמנע
לטפל,טיפל
תצליח,הצליח
להפעיל,הפעיל
תהסס,היסס
מניחים,הניח
לתלות,תלה
השתרר,השתרר
בוצעו,בוצע
להעלותו,העלה
הגיבו,הגיב
מראים,הראה
נשחק,נשחק
מחוסן,חוסן
מנהלים,ניהל
מעוגנות,עוגן
ישפיע,השפיע
להקרין,הקרין
נקבעים,נקבע
נשמעה,נשמע
לשלם,שילם
יחויב,חויב
מפוטרים,פוטר
מתעקש,התעקש
משתכרים,השתכר
להוסיף,הוסיף
נמנעת,נמנע
ייזהרו,נזהר
יישמרו,נשמר
לוחמים,לחם
מועסקים,הועסק
הכשילו,הכשיל
להכשיל,הכשיל
התחרו,התחרה
הרשה,הרשה
הפסיד,הפסיד
התגייס,התגייס
התייצב,התייצב
השתתף,השתתף
גברה,גבר
הועמד,הועמד
להתגייס,התגייס
חדל,חדל
הפציר,הפציר
הפריע,הפריע
כלל,כלל
נידונה,נידון
שימש,שימש
תואר,תואר
הואשם,הואשם
להתנער,התנער
הקפיץ,הקפיץ
מפגיש,הפגיש
חתם,חתם
סמך,סמך
פרצה,פרץ
להתנצל,התנצל
נופח,נופח
עוסקים,עסק
העלתה,העלה
פוטרים,פטר
לוקה,לקה
לגמול,גמל
הוביל,הוביל
נוצח,נוצח
מסיים,סיים
להחליט,החליט
ליישב,יישב
מתוך,תיווך
נטעה,טעה
ממלאים,מילא
נעלמה,נעלם
ללמדך,לימד
לשפוט,שפט
פוצץ,פוצץ
לדקלם,דקלם
הזמין,הזמין
לטפלל,טפלל
שמעו,שמע
מותח,מתח
מערבב,עירבב
מאיימות,איים
שוכח,שכח
להסדיר,הסדיר
להוליך,הוליך
להבדיל,הבדיל
מכריזים,הכריז
מסתמא,הסתמא
שכח,שכח
לשכוח,שכח
מתקדם,התקדם
נכפפו,נכפף
עסקו,עסק
הותירו,הותיר
מביע,הביע
העניק,העניק
נלמד,נלמד
נראית,נראה
חושב,חשב
ליטול,נטל
משמיע,השמיע
להשליט,השליט
נשלח,נשלח
יופעלו,הופעל
להידרש,נדרש
מועדפת,הועדף
אמור,אמר
נתפסה,נתפס
יבואו,בא
משתחרר,השתחרר
לרקוד,רקד
להבהיר,הבהיר
הקימה,הקים
שלחה,שלח
נישא,נישא
הונחו,הונח
הזמינה,הזמין
נערכה,נערך
לצלם,צילם
להתחייב,התחייב
לדלג,דילג
מעיד,העיד
הרשו,הרשה
נזהרו,נזהר
להגביה,הגביה
התרכזו,התרכז
צילצל,צלצל
צפה,צפה
לעצום,עצם
יצאתם,יצא
תספר,סיפר
הזמינו,הזמין
להשחית,השחית
פורקה,פורק
הלכה,הלך
ללעוג,לעג
מתרפסים,התרפס
לנוד,נד
הוציאה,הוציא
אוסרת,אסר
ירעילו,הרעיל
לומדים,למד
מזכירה,הזכיר
לועגים,לעג
זוללי,זלל
חובשים,חבש
משחרים,שיחר
מלמד,לימד
דחתה,דחה
תדווח,דיווח
הטילה,הטיל
משים,השים
נוקטת,נקט
התנגדה,התנגד
השכילה,השכיל
מרגילה,הרגיל
טען,טען
ייאלצו,נאלץ
שלל,שלל
רווחה,רווח
תשפר,שיפר
נהפוך,הפך
חולף,חלף
יגבר,גבר
טוען,טען
נבהלים,נבהל
לכנס,כינס
חתומות,חתם
גילה,גילה
מתחילים,התחיל
לשמור,שמר
משפיעות,השפיע
הראה,הראה
תיהנה,נהנה
מגלים,גילה
להשיג,השיג
קלע,קלע
הצעיד,הצעיד
ספגה,ספג
השתתפו,השתתף
השיגו,השיג
השיגה,השיג
התאוששה,התאושש
ניצחו,ניצח
ישחק,שיחק
יקיים,קיים
תקיים,קיים
מובילה,הוביל
להיחלץ,נחלץ
פרש,פרש
להחליף,החליף
ישמש,שימש
יחל,החל
סוגרת,סגר
מחזיקות,החזיק
יבטיח,הבטיח
תיתקל,נתקל
מפגרת,פיגר
תארח,אירח
החליף,החליף
יוביל,הוביל
נחלו,נחל
הובסה,הובס
יחלו,החל
יתחרו,התחרה
הודף,הדף
להפסיד,הפסיד
יאלץ,אילץ
משתכר,השתכר
מקבל,קיבל
הושעה,הושעה
מושעים,הושעה
מכחישים,הכחיש
בולטים,בלט
צופה,צפה
בנויה,בנה
מצויינת,צוין
להבקיע,הבקיע
מבקיעים,הבקיע
תרצה,רצה
לנצח,ניצח
יכריע,הכריע
התאקלמו,התאקלם
ינצח,ניצח
יהנה,נהנה
התייחסו,התייחס
תוקם,הוקם
ירתה,ירה
פצעה,פצע
לבלום,בלם
השתוללו,השתולל
אוסר,אסר
להופיע,הופיע
הבהיר,הבהיר
יממשו,מימש
לענוד,ענד
יועמדו,הועמד
מתייחסת,התייחס
מביעה,הביע
נטלו,נטל
הצליחו,הצליח
הסתיים,הסתיים
ניצבה,ניצב
הספיקה,הספיק
הושג,הושג
הובילו,הוביל
הותירה,הותיר
הירבתה,הרבה
שיחק,שיחק
שותף,שותף
שלטה,שלט
מיעט,מיעט
לזרוק,זרק
צבר,צבר
הפתיעו,הפתיע
בלטו,בלט
חסר,חסר
העיר,העיר
חטף,חטף
נחבל,נחבל
הובהל,הובהל
ישוחררו,שוחרר
הניח,הניח
לקיים,קיים
טיפחו,טיפח
העניקו,העניק
תקבל,קיבל
מדברים,דיבר
תומך,תמך
לשרוף,שרף
לחמם,חימם
בולם,בלם
מעניינת,עניין
יוברר,הוברר
נמנו,נמנה
לחדור,חדר
נסמך,נסמך
יזמו,יזם
להכות,הכה
ללמוד,למד
מתרחשים,התרחש
ניסתה,ניסה
הצליחה,הצליח
להריץ,הריץ
קם,קם
ירד,ירד
מריץ,הריץ
חוטף,חטף
מנווט,ניווט
שיתק,שיתק
קלט,קלט
ביצע,ביצע
שמרה,שמר
לעלות,עלה
דאג,דאג
סיים,סיים
הושלם,הושלם
ניצחה,ניצח
התעלה,התעלה
מוכתר,הוכתר
מימש,מימש
החטיאו,החטיא
השתפר,השתפר
ניווט,ניווט
שמט,שמט
מוטל,הוטל
קלעו,קלע
רדף,רדף
נשרקה,נשרק
הישווה,הישווה
שינתה,שינה
התייצבו,התייצב
נסחרו,נסחר
נפלו,נפל
ניכרה,ניכר
שב,שב
נרשמו,נרשם
הוכחשו,הוכחש
מזיזה,הזיז
נובעת,נבע
להתייצב,התייצב
קפצו,קפץ
צפויות,צפה
עומדות,עמד
להתבצע,התבצע
להתאושש,התאושש
לרכוש,רכש
מורט,מרט
נסתיים,הסתיים
הוציאו,הוציא
משכנע,שכנע
יזוז,זז
להאבק,נאבק
אוחז,אחז
החזיר,החזיר
שיפר,שיפר
התנחם,התנחם
נקנסה,נקנס
הורחק,הורחק
מחשיבים,החשיב
מנה,מנה
מפזר,פיזר
נקעה,נקע
להתהוות,התהווה
שירת,שירת
יוצא,יצא
דרכה,דרך
מתוארים,תואר
מתחוללים,התחולל
נערכת,נערך
מהווים,היווה
מטלטל,טלטל
מעובד,עובד
מציג,הציג
פותח,פתח
מצפה,ציפה
לבחון,בחן
להציגה,הציג
מבשרת,בישר
ללדת,ילד
תאמץ,אימץ
מוציאה,הוציא
מייחדת,ייחד
מתרחשת,התרחש
מואפל,הואפל
חודרות,חדר
נשברות,נשבר
מטילות,הטיל
מסופר,סופר
מלווה,ליווה
מופשט,הופשט
מונה,מנה
מצמצמת,צמצם
מותירה,הותיר
כרוכה,כרך
תאפוף,אפף
ייעשה,נעשה
יכיר,הכיר
יקנה,קנה
מארס,אירס
עוקבת,עקב
מביאו,הביא
מחזירו,החזיר
משיג,השיג
טווה,טווה
בונה,בנה
מחזיר,החזיר
מתוודה,התוודה
מתפללת,התפלל
זורח,זרח
גדלה,גדל
לתפוש,תפש
זורחת,זרח
יבגוד,בגד
נותרים,נותר
נאכלים,נאכל
לרכוב,רכב
מבטיחה,הבטיח
תכזיב,הכזיב
מורחת,מרח
רוכב,רכב
נופל,נפל
נחלית,נחלית
גוסס,גסס
צופים,צפה
גורם,גרם
פורשת,פרש
מוותרת,ויתר
נעשית,נעשה
לובשת,לבש
עוסק,עסק
כלה,כלה
תיכתב,נכתב
הוטרדו,הוטרד
היותו,היות
מתבהרים,התבהר
מעניש,העניש
ניתנת,ניתן
נוכח,נכח
להעיד,העיד
רוחץ,רחץ
יושב,ישב
מנקה,ניקה
נערמה,נערם
מאמינים,האמין
מרד,מרד
עצמתי,עצם
יעיד,העיד
מתבהר,התבהר
להישמע,נשמע
אעיר,העיר
מובנת,הובן
ייוותר,נותר
תובעת,תבע
צוטטו,צוטט
משיבים,השיב
הוטרד,הוטרד
כפוי,כפה
הציגה,הציג
מאפיינת,אפיין
לכבוש,כבש
מקריב,הקריב
יחוש,חש
הבליע,הבליע
ייפלא,נפלא
העמיד,העמיד
לסקר,סיקר
קרה,קרה
הוכיח,הוכיח
לזהותם,זיהה
נקרו,נקרה
לחזות,חזה
נוטל,נטל
מזוהה,זוהה
נוגעים,נגע
גובר,גבר
מתבטא,התבטא
צרו,צר
להציתו,הצית
דורשים,דרש
מיועדים,יועד
מגיעה,הגיע
לאפשר,אפשר
מופקדים,הופקד
יעשו,עשה
יימצאו,נמצא
לעורר,עורר
מתפתחת,התפתח
מזינה,הזין
משפיעה,השפיע
מעורה,עיוור
נוטה,נטה
רואה,ראה
רודפים,רדף
מבחינים,הבחין
מבדרת,בידר
להצמית,הצמית
מופנמת,הופנם
נאלצות,נאלץ
יקשו,הקשה
ייעלם,נעלם
מדווח,דיווח
מסקר,סיקר
לדרוש,דרש
יתר,ייתר
יסתיים,הסתיים
מונה,מונה
נכנס,נכנס
פורסם,פורסם
פג,פג
מינה,מינה
מתמודד,התמודד
ייוודעו,נודע
התפרץ,התפרץ
זעם,זעם
תגעו,נגע
מתייחס,התייחס
הביעו,הביע
מכהנים,כיהן
נחלץ,נחלץ
מכהן,כיהן
לוחצים,לחץ
הודח,הודח
הייתה,היה
יכהן,כיהן
יתפקד,תפקד
תבעה,תבע
מתלהב,התלהב
יזכה,זכה
תיראה,נראה
יתמוך,תמך
יתקשה,התקשה
הציעו,הציע
להצמיד,הצמיד
להסתובב,הסתובב
לחסוך,חסך
התמודד,התמודד
להתמנות,התמנה
לדחות,דחה
פסול,פסל
הכשיר,הכשיר
הכחישה,הכחיש
מנצלים,ניצל
יצטרפו,הצטרף
יצורף,צורף
להפר,הפר
ממלאי,מילא
מעורבים,מעורב
יפנה,פינה
מחזיק,החזיק
לעבור,עבר
התלהבו,התלהב
מוצע,הוצע
ניאותו,ניאות
לשקול,שקל
הוחלט,הוחלט
ישלם,שילם
תועבר,הועבר
ימלאו,מילא
מצדדים,צידד
התלוצצו,התלוצץ
להסתדר,הסתדר
מדאיגים,הדאיג
מקרין,הקרין
מורגשת,הורגש
משחקים,שיחק
מתערבים,התערב
להמטיר,המטיר
מופנים,הופנה
שיסתה,שיסה
משסה,שיסה
מבצעת,ביצע
מאוחדים,אוחד
העז,העז
הוגשה,הוגש
סוכם,סוכם
יועבר,הועבר
תמהו,תמה
חזו,חזה
הוקצה,הוקצה
אזל,אזל
תפנה,פינה
החכירה,החכיר
הוקם,הוקם
להקים,הקים
העיד,העיד
מונו,מונה
מסרבת,סירב
דורשת,דרש
תקצה,הקצה
לסייע,סייע
ממוקמים,מוקם
הוקמו,הוקם
מתכחש,התכחש
דן,דן
השכירה,השכיר
להועיד,הועיד
מתוכנן,תוכנן
אומרו,אומר
יעברו,עבר
לממן,מימן
להקצות,הקצה
למכור,מכר
להתפנות,התפנה
מארגנת,ארגן
מתארגנת,התארגן
יקחו,לקח
ייצאו,ייצא
ייפגשו,נפגש
אורגן,אורגן
התראיין,התראיין
נערכו,נערך
יוצאי,יצא
להגיש,הגיש
התבססו,התבסס
אושרו,אושר
טעונות,טען
מותרת,הותר
ציינה,ציין
תבואנה,בא
תשפרנה,שיפר
תזרזנה,זירז
הדגישה,הדגיש
מקודשים,קודש
יורכב,הורכב
יושקעו,הושקע
ייקבעו,נקבע
יבוצעו,בוצע
לדאוג,דאג
תהיינה,היה
יחתמו,חתם
יוציא,הוציא
יקבע,קבע
יתקשר,התקשר
יבחרו,בחר
לאשר,אישר
לחתום,חתם
הגשתי,הגיש
תמנע,מנע
ינוהלו,נוהל
פועל,פעל
אישר,אישר
יקלו,הקל
יסייעו,סייע
יגבילו,הגביל
הנהיג,הנהיג
נעשו,נעשה
נוקט,נקט
יאפשרו,אפשר
לבדוק,בדק
לסיים,סיים
יעסוק,עסק
פועלת,פעל
מפקח,פיקח
בודק,בדק
מיועדת,יועד
תעביר,העביר
קונה,קנה
תפעל,פעל
קלטו,קלט
שבתו,שבת
מפסידות,הפסיד
הגיש,הגיש
להשקיע,השקיע
גיבש,גיבש
אושרה,אושר
מוצף,הוצף
תוטל,הוטל
יינתנו,ניתן
ייקבע,נקבע
נואשו,נואש
החליטו,החליט
ממונה,מונה
קשורה,קשר
להכריע,הכריע
סיימו,סיים
קשורים,קשר
הודלף,הודלף
נובעות,נבע
מביעים,הביע
לקצץ,קיצץ
כרוך,כרך
התמודדו,התמודד
דובר,דובר
ייפול,נפל
חלפה,חלף
מעריכים,העריך
תבוצע,בוצע
יתפוס,תפס
צפויים,צפה
נעשים,נעשה
הונהגה,הונהג
איפשר,אפשר
הועלו,הועלה
התקיים,התקיים
נטתה,נטה
להצניע,הצניע
בולט,בלט
נטען,נטען
התלבטו,התלבט
מרוויח,הרוויח
צובר,צבר
משולבות,שולב
הוזכרו,הוזכר
השפיעו,השפיע
גילו,גילה
התבטאה,התבטא
הדגיש,הדגיש
עוסקת,עסק
רווח,רווח
להתפלל,התפלל
להיקבר,נקבר
פתרה,פתר
בנה,בנה
להבחין,הבחין
הסכימו,הסכים
האריכה,האריך
נתנה,נתן
הביאה,הביא
נקבעו,נקבע
הופסקה,הופסק
הוכרז,הוכרז
הכחיש,הכחיש
טענה,טען
העביר,העביר
מקוצר,קוצר
התקשרו,התקשר
נגבו,נגבה
להיגבות,נגבה
מגיעות,הגיע
להתגונן,התגונן
כלולות,כלל
מציין,ציין
מדהימה,הדהים
כולל,כלל
יכבד,כיבד
שילם,שילם
הסתבכה,הסתבך
הוגש,הוגש
סולל,סלל
הוגשו,הוגש
מסתכמות,הסתכם
נרכשה,נרכש
נתבעת,נתבע
הונפקו,הונפק
נרשם,נרשם
גרמה,גרם
הסתכם,הסתכם
נובעים,נבע
יובאו,יובא
קדמו,קדם
נרשמה,נרשם
חלה,חל
מבטלת,ביטל
שמרו,שמר
הפלו,הפלה
היקנו,הקנה
כיבדה,כיבד
סטתה,סטה
מתייחסות,התייחס
ניתנו,ניתן
לבטלן,ביטל
לשנותן,שינה
בהתחשב,התחשב
הוענקו,הוענק
נעוצות,נעץ
הוטלה,הוטל
נוגדת,נגד
בטלה,בטל
נעשתה,נעשה
יתכנס,התכנס
לדון,דן
תנוהל,נוהל
ישתתף,השתתף
לכהן,כיהן
הירצו,הרצה
נוגעת,נגע
תכין,הכין
התבקשה,התבקש
להכין,הכין
להציב,הציב
הצטרף,הצטרף
נטוש,נטש
להצטרף,הצטרף
נתקבלה,התקבל
ייראה,נראה
שובתים,שבת
לנכות,ניכה
עובדים,עבד
ינוכו,נוכה
להתחכם,התחכם
ינכו,ניכה
להמיר,המיר
נכתב,נכתב
מתאר,תיאר
מוקדש,הוקדש
מתנהלים,התנהל
לפרוש,פרש
יעבוד,עבד
מקווה,קיווה
מתנהלות,התנהל
יביאו,הביא
יפרוץ,פרץ
תהייה,תהייה
ידרש,נדרש
למסד,מיסד
תתקוף,תקף
תותקף,הותקף
תספק,סיפק
נשמור,שמר
נותקף,הותקף
שוחחו,שוחח
הציג,הציג
יגרור,גרר
יהייה,יהייה
יפציצו,הפציץ
תיטול,נטל
הבטיחו,הבטיח
תגיב,הגיב
מדאיגות,הדאיג
עוקבים,עקב
שיבח,שיבח
להגיב,הגיב
עוסקות,עסק
כשלו,כשל
מייצגת,ייצג
בילה,בילה
לבנות,בנה
נסחרות,נסחר
קפץ,קפץ
הדיחה,הדיח
הביעה,הביע
התאפשרה,התאפשר
הכריזו,הכריז
יתמכו,תמך
יובא,יובא
להדיח,הדיח
לפזר,פיזר
דרש,דרש
נדחתה,נדחה
גאה,גאה
הועמדה,הועמד
ידועות,ידע
נמנעו,נמנע
התנגדו,התנגד
הפר,הפר
אישרר,אשרר
כונסה,כונס
הצביעה,הצביע
משתמש,השתמש
ליזום,יזם
להבטיח,הבטיח
ייבחרו,נבחר
יובטח,הובטח
שוררים,שרר
דנה,דן
טילפן,טילפן
יופיע,הופיע
טילפנו,טילפן
דחק,דחק
יטוס,טס
הבטיח,הבטיח
המשיכה,המשיך
תבעו,תבע
לחייב,חייב
ירצו,רצה
לגשר,גישר
להוזיל,הוזיל
הוחלפה,הוחלף
תורמת,תרם
התקייר,התקייר
מתחייב,התחייב
ייקרה,ייקר
מחושבים,חושב
לעדכן,עדכן
קיזזה,קיזז
נצבר,נצבר
יישארו,נשאר
תוגש,הוגש
תצטרך,הצטרך
משתמע,השתמע
קיים,קיים
קובעות,קבע
מתח,מתח
הושמעו,הושמע
מתקבלת,התקבל
תתבצע,התבצע
תשכיל,השכיל
נוצרה,נוצר
נשאו,נשא
תדון,דן
לצמצם,צמצם
יתקבלו,התקבל
ישמשו,שימש
ייהנה,נהנה
הוגבלו,הוגבל
פועלים,פעל
הושגו,הושג
ישיגו,השיג
ישקיע,השקיע
מנוצלים,נוצל
מבקרים,ביקר
סובלים,סבל
להתבסס,התבסס
ייפתח,נפתח
גזר,גזר
גבו,גבה
נידון,נידון
ירחיבו,הרחיב
הושגה,הושג
תבקר,ביקר
יארגן,ארגן
יסייע,סייע
להיפגש,נפגש
נוכחים,נוכח
מראה,הראה
הושלמו,הושלם
התחייבו,התחייב
סגרה,סגר
הינה,הינה
פתחה,פתח
השקיעו,השקיע
הפעיל,הפעיל
היוו,היווה
הפסיקו,הפסיק
להפחית,הפחית
יוחזר,הוחזר
יתבטלו,התבטל
מאיימים,איים
לשבש,שיבש
תמומש,מומש
יוצאו,הוצא
שיגרו,שיגר
יונפקו,הונפק
יוקצו,הוקצה
מועדפים,הועדף
מסרב,סירב
מתעניינים,התעניין
סוכמו,סוכם
ייחתם,נחתם
תובע,תבע
הוכרזו,הוכרז
עורך,ערך
נבדקת,נבדק
לכלול,כלל
יקבלו,קיבל
חולקו,חולק
ימשיכו,המשיך
לנסח,ניסח
יודפסו,הודפס
תופץ,הופץ
תציע,הציע
ייכללו,נכלל
יוצעו,הוצע
הורכב,הורכב
מתנשא,התנשא
נבנה,נבנה
מכיל,הכיל
יעבדו,עבד
נחשבים,נחשב
לקחו,לקח
מכרו,מכר
ייערך,נערך
תישמע,נשמע
הוצא,הוצא
תבע,תבע
לעקל,עיקל
חלו,חל
תפח,תפח
יינתן,ניתן
יחלוף,חלף
לגדול,גדל
סירבה,סירב
לערוב,ערב
להכריז,הכריז
להפכם,היפך
נדרשים,נדרש
מועדף,הועדף
דורשי,דרש
תגיש,הגיש
למשוך,משך
ישתתפו,השתתף
יתלוו,התלווה
מבקשים,ביקש
מתפתחות,התפתח
נפגש,נפגש
התארגנה,התארגן
מזדהות,הזדהה
מטיל,הטיל
לשבור,שבר
חוסם,חסם
חשוד,חשד
להאשים,האשים
מואשם,הואשם
מחלים,החלים
מאושפז,אושפז
מחובר,חובר
יושבת,ישב
ענה,ענה
הצטרפו,הצטרף
מנסים,ניסה
אמרה,אמר
נסע,נסע
הוחרמו,הוחרם
נמחק,נמחק
כתובים,כתב
פוטר,פוטר
מוסר,מסר
אבדו,אבד
התקשר,התקשר
קשורות,קשר
להתערב,התערב
הוחזר,הוחזר
מכסים,כיסה
טוענות,טען
מציע,הציע
יעודכנו,עודכן
פעלה,פעל
נוסדה,נוסד
נוהגת,נהג
משקיעה,השקיע
מיועדות,יועד
נושאות,נשא
זומן,זומן
כורת,כרת
לנקוט,נקט
מוכרת,מכר
מתמחים,התמחה
ישלבו,שילב
פוקד,פקד
תפגע,פגע
חנכה,חנך
ממיסים,המס
כללה,כלל
כיהן,כיהן
צויין,צוין
להצהיר,הצהיר
תהווה,היווה
ידחה,דחה
יקימו,הקים
ייסדו,ייסד
תיקרא,נקרא
נבחרה,נבחר
נמנית,נמנה
נתמכה,נתמך
זכתה,זכה
משקפים,שיקף
חזרה,חזר
הצהירה,הצהיר
תיאבק,נאבק
נאבקת,נאבק
פנתה,פנה
להושיט,הושיט
תומכת,תמך
הכריזה,הכריז
להתפטר,התפטר
יביעו,הביע
מתבטאת,התבטא
מצטיירת,הצטייר
מתחבטים,התחבט
צופן,צפן
יפחת,פחת
הקציבה,הקציב
מקיימת,קיים
הוכנסו,הוכנס
משתנה,השתנה
מסייעת,סייע
נותן,נתן
משווה,השווה
מקופחים,קופח
הגשנו,הגיש
נקבל,קיבל
לערער,ערער
קיוויתי,קיווה
חלק,חילק
תובן,הובן
תיסגר,נסגר
מחייב,חייב
להשתנות,השתנה
מתפקדים,תפקד
הפסקנו,הפסיק
ביטלנו,ביטל
נרשמת,נרשם
מצטבר,הצטבר
מפורטים,פורט
נעבוד,עבד
קורצים,קרץ
מסייעים,סייע
מרוכז,רוכז
השתדלנו,השתדל
גייסנו,גייס
קיבלנו,קיבל
הכנסנו,הכניס
קלטנו,קלט
לבקש,ביקש
ידפיס,הדפיס
הוספנו,הוסיף
מלין,הלין
מפליא,הפליא
מחייכת,חייך
מרשים,הרשים
נהיה,היה
להתפתח,התפתח
הוחמצה,הוחמץ
לשוט,שט
להגיד,הגיד
הקדים,הקדים
ייכנסו,נכנס
ניצחל,ניצחל
הקדימו,הקדים
שפט,שפט
תשאלו,שאל
אהבו,אהב
פוגשים,פגש
מחלקים,חילק
פולט,פלט
נכשל,נכשל
ספגו,ספג
מורחק,הורחק
בעט,בעט
ללחוץ,לחץ
צמצמו,צמצם
נסוגו,נסוג
להספיד,הספיד
לחכות,חיכה
מנוצחים,נוצח
הושיעו,הושיע
הפסידה,הפסיד
נחלה,נחל
הנחיתה,הנחית
רוכש,רכש
מתקדמת,התקדם
נוסך,נסך
מהסס,היסס
מקרטע,קירטע
הובא,הובא
מצדיקה,הצדיק
כובש,כבש
מצדיק,הצדיק
מתפרצות,התפרץ
נבלמו,נבלם
להדאיג,הדאיג
זינק,זינק
הדף,הדף
נכבש,נכבש
הגביה,הגביה
נגח,נגח
בחן,בחן
הרחיק,הרחיק
הבהירה,הבהיר
להביט,הביט
הבקיע,הבקיע
החטיא,החטיא
הביסה,הביס
להעניש,העניש
לטוס,טס
מנע,מנע
תשמור,שמר
תנצח,ניצח
דולקות,דלק
מתארחת,התארח
מתעמלות,התעמל
נוסף,נוסף
יתכנסו,התכנס
יקיימו,קיים
סובל,סבל
לנוח,נח
לנתח,ניתח
יפתור,פתר
לן,לן
לאסוף,אסף
נופחה,נופח
חבט,חבט
נחבט,נחבט
התקשה,התקשה
התבקש,התבקש
יתבע,תבע
חיכיתם,חיכה
נאמרו,נאמר
ממתין,המתין
לטשטש,טשטש
מוצדק,הוצדק
להתאזר,התאזר
מחוייבים,חויב
משקיף,השקיף
מצויין,צוין
שיחקה,שיחק
נחה,נח
ריגלה,ריגל
להפגין,הפגין
ננחל,נחל
נפסיד,הפסיד
הצטמצם,הצטמצם
לרמוס,רמס
לרוץ,רץ
מפתיעה,הפתיע
נוצחנו,נוצח
שיחקנו,שיחק
ננצח,ניצח
יתן,נתן
תכריע,הכריע
מנבאים,ניבא
מתבגר,התבגר
יאבקו,נאבק
יתארח,התארח
מצויינים,צוין
יהווה,היווה
ינסה,ניסה
ללקק,ליקק
נחל,נחל
הכשיל,הכשיל
לעבר,עיבר
דייק,דייק
הבקיעה,הבקיע
להשוות,השווה
הסתיימו,הסתיים
הודחה,הודח
הסתפקה,הסתפק
הובקע,הובקע
התעכב,התעכב
נפגעו,נפגע
נכללת,נכלל
מארגנים,ארגן
תתאכסן,התאכסן
יחדש,חידש
צורפו,צורף
סוגרות,סגר
מעדו,מעד
שיחקו,שיחק
הפסידו,הפסיד
תחל,החל
מייחלים,ייחל
דירדר,דרדר
מייחלת,ייחל
מחלצת,חילץ
ריססו,ריסס
כבש,כבש
הובקעו,הובקע
הורחקו,הורחק
צפו,צפה
מתגעגעים,התגעגע
נאנחים,נאנח
מתריסים,התריס
חוזרת,חזר
נקלעים,נקלע
לשקם,שיקם
שאבו,שאב
טישטש,טשטש
ימצאו,מצא
יהמרו,הימר
מתמקדת,התמקד
הורגל,הורגל
להזכירם,הזכיר
יאמרו,אמר
מפיק,הפיק
פסחה,פסח
דרך,דרך
ניכרת,ניכר
מעוררת,עורר
צמחו,צמח
מוכשרים,הוכשר
יסלחו,סלח
שכחתי,שכח
לשחזר,שחזר
להתרפק,התרפק
מחושלות,חושל
החמצנו,החמיץ
נהנו,נהנה
רצינו,רצה
עולות,עלה
חולה,חלה
מכר,מכר
אכלו,אכל
התכוננו,התכונן
תיכננו,תכנן
להתפלח,התפלח
מציעים,הציע
תרצו,רצה
חתום,חתם
הקהיל,הקהיל
אוכזבו,אוכזב
נושל,נושל
ניטרלה,נטרל
תמכה,תמך
סונוורו,סונוורו
נבעט,נבעט
חמק,חמק
נבעטה,נבעט
התעורר,התעורר
נוצרו,נוצר
מילא,מילא
הופגנה,הופגן
משכנעת,שכנע
התאכזבו,התאכזב
נכבשו,נכבש
אימתה,אימת
התברג,התברג
הרשים,הרשים
פיגר,פיגר
נדחסו,נדחס
חולק,חולק
חסרו,חסר
הרבו,הרבה
להחמיץ,החמיץ
צימק,צימק
לנחול,נחל
פיגרו,פיגר
החמיצו,החמיץ
הגבירה,הגביר
כבשה,כבש
מחייכים,חייך
התאוששו,התאושש
כבשו,כבש
מצטיינים,הצטיין
נוצחה,נוצח
יתקיים,התקיים
מעופפות,עופף
הודחו,הודח
נוצחו,נוצח
שותקה,שותק
נתקעו,נתקע
התאכזב,התאכזב
מובנות,הובן
הופכות,הפך
מפרסמים,פרסם
משתמשים,השתמש
משבשות,שיבש
ממהר,מיהר
זורמים,זרם
מפסיקים,הפסיק
סגר,סגר
תוכננו,תוכנן
לציין,ציין
תיגרם,נגרם
שעה,שעה
פטר,פטר
התעלמה,התעלם
הופסקו,הופסק
התעלמו,התעלם
נשלחה,נשלח
נקטעת,נקטע
עוברת,עבר
שומעים,שמע
לחייג,חייג
הפריזו,הפריז
פורסמה,פורסם
להזמין,הזמין
משמחת,שימח
מנתה,מנה
ניסינו,ניסה
נכנסה,נכנס
התארגנו,התארגן
התבררה,התברר
מעוות,עוות
יתוקן,תוקן
חויבו,חויב
חוסכים,חסך
נמסרת,נמסר
מחייבים,חייב
מקל,הקל
מסתער,הסתער
הסכימה,הסכים
להתגבר,התגבר
מפעילה,הפעיל
חרוטים,חרט
קולט,קלט
מוכרת,הוכר
יכולה,יכול
כתבו,כתב
נמאס,נמאס
קולטים,קלט
בורח,ברח
ירדנו,ירד
מדגישה,הדגיש
בודקים,בדק
פוגשת,פגש
מתחזה,התחזה
נפגשות,נפגש
מתבררת,התברר
צצים,צץ
עולים,עלה
נשמעת,נשמע
סובבים,סבב
מתלווים,התלווה
מזהה,זיהה
נאלצת,נאלץ
לחלום,חלם
לוקחת,לקח
משקפת,שיקף
מרוויחה,הרוויח
ביים,ביים
משתתפים,השתתף
מועלית,הועלה
סבורה,סבר
תעסוק,עסק
מיצתה,מיצה
המריא,המריא
יצלמו,צילם
משיב,השיב
עסוק,עסק
מחליפים,החליף
מתקן,תיקן
מספרת,סיפר
מתחרה,התחרה
לקוחה,לקח
צולמו,צולם
התקבלו,התקבל
התפתח,התפתח
העזה,העז
משודרת,שודר
נעשות,נעשה
הוגנת,הוגן
מתלונן,התלונן
משועשעת,שועשע
מוצגים,הוצג
הופקו,הופק
בחרה,בחר
כרוכים,כרך
מעודדים,עודד
מוסיפה,הוסיף
מופקת,הופק
הודפסו,הודפס
מודפסים,הודפס
ניתנים,ניתן
להפיץ,הפיץ
נתרמים,נתרם
מוצגת,הוצג
שרה,שר
מובא,הובא
מופנם,הופנם
אוהבת,אהב
ירצה,רצה
מגלמים,גילם
מכבד,כיבד
משתעמם,השתעמם
חולם,חלם
נדמית,נדמה
תתחתן,התחתן
תמות,מת
רצתה,רצה
מוכרים,הוכר
רוקדים,רקד
שר,שר
יוצאים,יצא
יוקרן,הוקרן
עמדה,עמד
יעביר,העביר
הצטברו,הצטבר
יפורסם,פורסם
צורף,צורף
מפרט,פירט
מתמצאת,התמצא
הבינה,הבין
מסכמת,סיכם
מוליך,הוליך
חוסך,חסך
ביקשתי,ביקש
קיבלתי,קיבל
למדתי,למד
סיקרן,סקרן
התהדרו,התהדר
מחולקת,חולק
הבריק,הבריק
משופר,שופר
מוקדמים,הוקדם
משלם,שילם
נצברו,נצבר
חוסכת,חסך
יתמיד,התמיד
יתעשר,התעשר
מתעוררות,התעורר
יסכים,הסכים
יפסיד,הפסיד
נאמד,נאמד
שקול,שקל
צוין,צוין
שאלה,שאל
שאלתי,שאל
מוצעות,הוצע
מעמידות,העמיד
לצרוך,צרך
מוסיפים,הוסיף
גוררת,גרר
ניקח,לקח
נניח,הניח
אינכם,אינו
תכננתם,תכנן
הניבה,הניב
להדהיר,הדהיר
המציאה,המציא
פורע,פרע
מונח,הונח
ילך,הלך
גובה,גבה
אחזור,חזר
אפסיק,הפסיק
מודה,הודה
מאוכזב,אוכזב
העדיפו,העדיף
נבע,נבע
לשגשג,שגשג
מגלה,גילה
נכתבה,נכתב
הסיחה,הסיח
מפנה,הפנה
בנוי,בנה
מעתיר,העתיר
מופיעות,הופיע
מגרות,גירה
מכינה,הכין
משלבת,שילב
פולש,פלש
יוצר,יצר
משתקע,השתקע
קמצו,קימץ
להסתיים,הסתיים
טמונה,טמן
נשקף,נשקף
מכריז,הכריז
מגנים,הגן
כירסמו,כרסם
הגבילו,הגביל
נכנעה,נכנע
נאפה,נאף
מופתעת,הופתע
אופפת,אפף
זכיתי,זכה
יכלה,יכל
השתחררה,השתחרר
פירסם,פרסם
מתפתלת,התפתל
התענגתי,התענג
מעבירה,העביר
שיכתבתי,שכתב
לספק,סיפק
תוהה,תהה
הוחדרה,הוחדר
מסייע,סייע
מתקיימת,התקיים
מפרנס,פרנס
קובעת,קבע
אוזלת,אזל
מלעיטות,הלעיט
ממהרים,מיהר
לרשום,רשם
מקשות,הקשה
מדברות,דיבר
יושבות,ישב
מורכן,הורכן
מושפלות,הושפל
סובלות,סבל
לבלוט,בלט
מאושפזות,אושפז
תולשות,תלש
בולעות,בלע
להתאבד,התאבד
מתנגדות,התנגד
התלמדה,התלמד
לדקור,דקר
לעטות,עטה
כינו,כינה
לחנך,חינך
נכפתה,נכפה
מתרשמים,התרשם
השתאתה,השתאה
קפצה,קפץ
סיפרה,סיפר
תפרה,תפר
איחרה,איחר
פחדה,פחד
תחזור,חזר
הוצאה,הוצא
נטש,נטש
מתכוננת,התכונן
להשיא,השיא
הולעטו,הולעט
נלקחו,נלקח
התעוררה,התעורר
נסעה,נסע
קראה,קרא
נעצרו,נעצר
מספרות,סיפר
מעדיפים,העדיף
מעלימים,העלים
להסתכן,הסתכן
הצחיק,הצחיק
הסמקתי,הסמיק
אסר,אסר
נאלצה,נאלץ
נישאה,נישא
תתן,תתן
יקראו,קרא
יחליטו,החליט
ילמדו,למד
מייחסים,ייחס
מפחידה,הפחיד
באות,בא
התחשב,התחשב
הוקמה,הוקם
להיווכח,נוכח
לומדות,למד
לעזוב,עזב
תלויות,תלה
מתלמדת,התלמד
להרוויח,הרוויח
יורשה,הורשה
רוצות,רצה
מתה,מת
מיובאת,יובא
יימסר,נמסר
תוקנה,תוקן
תחליף,החליף
נשלחו,נשלח
הוצאו,הוצא
העירה,העיר
מטעה,הטעה
סומן,סומן
קוראת,קרא
מכילה,הכיל
בדק,בדק
לסמן,סימן
נשאלת,נשאל
מסביר,הסביר
שואבים,שאב
להטעות,הטעה
מסיירים,סייר
מתמקד,התמקד
מבלים,בילה
יישמו,יישם
תעלה,עלה
גורסת,גרס
נתגלה,התגלה
נדון,נדון
להרכיב,הרכיב
התוודעה,התוודע
שוללת,שלל
שאבה,שאב
להתרפא,התרפא
למדה,למד
יישמה,יישם
התרחב,התרחב
להדריך,הדריך
הוזמנה,הוזמן
עבדה,עבד
נדרשו,נדרש
מטפלת,טיפל
הינו,הנו
להפריד,הפריד
מעפעפים,עפעף
משתחררות,השתחרר
לשטוף,שטף
לנקות,ניקה
עובדות,עבד
מספקת,סיפק
מלמדת,לימד
מבוצעים,בוצע
להיזהר,נזהר
כונס,כונס
מוציאים,הוציא
שיפץ,שיפץ
העסיק,העסיק
מכין,הכין
המתין,המתין
יגוועו,גווע
מילאו,מילא
נגזר,נגזר
מבהיר,הבהיר
יחפוץ,חפץ
יאחל,איחל
יתגשם,התגשם
זונח,זנח
מתקיים,התקיים
צדים,צד
כפופים,כפף
לובש,לבש
לסבול,סבל
לשבץ,שיבץ
שינה,שינה
מגמגם,גמגם
משונה,שונה
רשום,רשם
מודעים,מודע
התמחתה,התמחה
צבעה,צבע
מעוגנת,עוגן
נוספים,נוסף
מושכים,משך
מאמצים,אימץ
גורמים,גרם
להיראות,נראה
מרחיקים,הרחיק
נלקחות,נלקח
מתחשבת,התחשב
אצבע,צבע
מרגיעים,הרגיע
יעוררו,עורר
משדרת,שידר
משדר,שידר
מסמלת,סימל
משתדלת,השתדל
מקשר,קישר
נוסכים,נסך
מכוון,כיוון
מבררת,בירר
לשמר,שימר
להבליט,הבליט
נצבעו,נצבע
מקבלת,קיבל
מסיירת,סייר
מפקחת,פיקח
מקפידה,הקפיד
הוכח,הוכח
נצבע,נצבע
שופרה,שופר
לכסות,כיסה
לצבוע,צבע
יוליכו,הוליך
שבים,שב
נפתח,נפתח
שוכנת,שכן
ייסד,ייסד
חקרו,חקר
הגו,הגה
שוקד,שקד
מלווה,לווה
ערוכות,ערך
נבחרים,נבחר
מאפיינים,אפיין
מוצב,הוצב
מסמלים,סימל
מתפלל,התפלל
הופק,הופק
משמשת,שימש
מקשרת,קישר
שתולים,שתל
מוזכרים,הוזכר
מסתיים,הסתיים
חוזרים,חזר
צועדים,צעד
נפקד,נפקד
התרשם,התרשם
מצליחין,הצליח
נופלת,נפל
להקדים,הקדים
להריח,הריח
פתח,פתח
הנצו,הנץ
מסומן,סומן
פתוח,פתח
מודרכים,הודרך
להסכים,הסכים
לחרוג,חרג
סיגלתי,סיגל
מעמידה,העמיד
נוקפת,נקף
מקומם,קומם
נזקקת,נזקק
להשכיח,השכיח
להשאיר,השאיר
נשמע,נשמע
קודמים,קדם
לסלק,סילק
התלווה,התלווה
נרמסה,נרמס
הקרין,הקרין
אשמח,שמח
סייעו,סייע
ייצגו,ייצג
ייצגה,ייצג
יוצגתי,יוצג
הצלחנו,הצליח
מעידים,העיד
פוחדים,פחד
לחדש,חידש
התחייב,התחייב
נאחז,נאחז
תאבד,איבד
לפחד,פיחד
חוששים,חשש
להתדיין,התדיין
משכנעות,שכנע
להתפשר,התפשר
פוחד,פחד
להפסיק,הפסיק
נשב,ישב
נתווכח,התווכח
נתעקש,התעקש
מונעת,מנע
סומך,סמך
יעזור,עזר
להשתחרר,השתחרר
נשכרים,נשכר
טעה,טעה
לטעות,טעה
להכיר,הכיר
החמיר,החמיר
הורשע,הורשע
מתרועע,התרועע
נפטרה,נפטר
נתונה,נתן
להתחשב,התחשב
להטיל,הטיל
נבנתה,נבנה
ייבנה,נבנה
מתכוננים,התכונן
תבוא,בא
מחזיקים,החזיק
נאבקות,נאבק
מזרימים,הזרים
חיסלו,חיסל
חוסל,חוסל
אושר,אושר
מגן,הגן
מרצים,ריצה
מקוצרת,קוצר
מעניק,העניק
לחצה,לחץ
נערמו,נערם
ממתינים,המתין
יישלח,נשלח
יתוגברו,תוגבר
מופעל,הופעל
דוגלות,דגל
יסופקו,סופק
מודאגת,הודאג
הוזרמו,הוזרם
נהרסו,נהרס
נהרגו,נהרג
בנו,בנה
פונו,פונה
גרים,גר
הוקצבו,הוקצב
חולש,חלש
מקורבים,קורב
תגדל,גדל
ייהנו,נהנה
יצליח,הצליח
להחליש,החליש
יישלחו,נשלח
לאייש,אייש
יגדל,גדל
תתגייס,התגייס
יוקם,הוקם
עורכים,ערך
הודה,הודה
לשער,שיער
התפרסם,התפרסם
להחרים,החרים
מתקיימים,התקיים
דחו,דחה
התרעמו,התרעם
יסרבו,סירב
השוו,השווה
ייחס,ייחס
הסתפקו,הסתפק
הזכיר,הזכיר
יתפרסמו,התפרסם
הושאלו,הושאל
צוטט,צוטט
מיוצרים,יוצר
ערכתי,ערך
פועלות,פעל
הופתעתי,הופתע
בדקנו,בדק
מצאנו,מצא
מצורפים,צורף
לספר,סיפר
קניתי,קנה
מקולקלים,קולקל
התכוונתי,התכוון
התקשרתי,התקשר
לשלוח,שלח
מתפוררת,התפורר
משתולל,השתולל
מכה,הכה
משתבצים,השתבץ
מלבים,ליבה
מטפל,טיפל
מתאבל,התאבל
מוזנים,הוזן
מופנה,הופנה
מבטיחים,הבטיח
יהרגו,הרג
מסתערים,הסתער
מסלקים,סילק
צועקים,צעק
מחמיץ,החמיץ
יראו,ראה
משתוללים,השתולל
משמשים,שימש
מושמצים,הושמץ
גוערת,גער
פחדתי,פחד
מפחדת,פיחד
נגזרה,נגזר
מתעוררת,התעורר
מעורפל,עורפל
נגמל,נגמל
מציל,הציל
מחנך,חינך
להתנאות,התנאה
להתנחם,התנחם
נתקע,נתקע
פונה,פנה
אובד,אבד
בוא,בא
משתרע,השתרע
מצפות,ציפה
משתתף,השתתף
שוכן,שכן
יצטרכו,הצטרך
ייצא,ייצא
נשכר,נשכר
נשחקו,נשחק
מסעירים,הסעיר
נחטפת,נחטף
קונים,קנה
נפתחו,נפתח
מדיפים,הדיף
לבקר,ביקר
הפיקה,הפיק
מפיקה,הפיק
ייעדה,ייעד
יודעת,ידע
מטילה,הטיל
מזמינים,הזמין
מיוסרים,יוסר
זועקים,זעק
להפתיע,הפתיע
מתבקשים,התבקש
מוקלד,הוקלד
נפרד,נפרד
תירשם,נרשם
בטוחים,בטוח
חשים,חש
נרדפים,נרדף
משחררים,שחרר
ממוחזר,מוחזר
לשכב,שכב
נושם,נשם
תעשה,עשה
תציג,הציג
יבקר,ביקר
יראה,ראה
יאכלו,אכל
נקלעת,נקלע
מכסחי,כיסח
לוקח,לקח
מנהל,ניהל
משתף,שיתף
מביימים,ביים
מזמין,הזמין
מסמנים,סימן
מתקנים,תיקן
מוסעים,הוסע
מושטת,הושט
מאיים,איים
להטביע,הטביע
נעצר,נעצר
להימשך,נמשך
יחנכו,חנך
מפיקים,הפיק
חוזה,חזה
מאורגנים,אורגן
חווים,חווה
להתחרות,התחרה
משתקפת,השתקף
מצוירות,צויר
שואבת,שאב
מצלמים,צילם
מתחרים,התחרה
מעוטר,עוטר
מלוקק,לוקק
שוחזרו,שוחזר
עמוסים,עמוס
נוזפת,נזף
סועדים,סעד
יתנהגו,התנהג
נכנסנו,נכנס
עוצב,עוצב
משתרך,השתרך
מעכבת,עיכב
לשפר,שיפר
נבלעים,נבלע
למצות,מיצה
מכוונים,כיוון
סוטים,סטה
לזרזם,זירז
להידחק,נדחק
צולעת,צלע
יבזבז,בזבז
נחנכו,נחנך
ממוקם,מוקם
מיועד,יועד
נחנך,נחנך
נראות,נראה
מתכננים,תכנן
מתאכסנים,התאכסן
מסתמנת,הסתמן
מתכוונת,התכוון
נקבעה,נקבע
יידרס,נדרס
להחליפה,החליף
צורבת,צרב
הגדיל,הגדיל
יצוין,צוין
הראו,הראה
נוספו,נוסף
התפטר,התפטר
סר,סר
מייצרת,ייצר
מודבקות,הודבק
מורכבות,הורכב
נתפרים,נתפר
ממלאה,מילא
מחברת,חיבר
צובעת,צבע
מדביקה,הדביק
מסולסלות,סולסל
מעוטרות,עוטר
מעשירים,העשיר
מזכירות,הזכיר
לבושות,לבש
מתכננת,תכנן
תופרת,תפר
מעצבת,עיצב
משתמשת,השתמש
קרוי,קרא
לעבות,עיבה
ממלאת,מילא
מייצבת,ייצב
יסבול,סבל
נמכרים,נמכר
חוגגים,חגג
חותכת,חתך
תיפגם,נפגם
מוכסף,הוכסף
מחממת,חימם
מנסרת,ניסר
מתמחה,התמחה
נפרסות,נפרס
נחשפת,נחשף
יוצרת,יצר
קדמה,קדם
הסתכמה,הסתכם
צוינה,צוין
הוסיפה,הוסיף
נחתם,נחתם
יעלה,עלה
התריע,התריע
נעוץ,נעץ
נתקבלו,התקבל
ישתקפו,השתקף
מתבצעות,התבצע
נותנות,נתן
תתבע,תבע
מקרר,קירר
מחמם,חימם
ערכה,ערך
ימצא,מצא
מפזרי,פיזר
התייקרו,התייקר
צורך,צרך
צורכים,צרך
מזהמים,זיהם
מומלצים,הומלץ
יתגשמו,התגשם
נפרדה,נפרד
ליווה,ליווה
ספד,ספד
הונח,הונח
נכנסים,נכנס
כואבים,כאב
תופסת,תפס
התאכזר,התאכזר
תרם,תרם
חנוק,חנק
מרכינה,הרכין
הבטחת,הבטיח
קיימת,קיים
תחסר,חסר
למדנו,למד
להוקיר,הוקיר
לאהוב,אהב
סייע,סייע
נוצל,נוצל
איבדה,איבד
מסגירים,הסגיר
מצופים,צופה
מאט,האט
טורח,טרח
להסביר,הסביר
עמידים,עמיד
תרד,ירד
ליהנות,נהנה
כונה,כונה
מצופה,צופה
מזהירה,הזהיר
נבדל,נבדל
תלוי,תלה
מבטיח,הבטיח
מדביקים,הדביק
יוצקים,יצק
נגרסה,נגרס
לסמוך,סמך
נהנית,נהנה
לזקוף,זקף
משווק,שווק
מייצרים,ייצר
מתקבלות,התקבל
נפתחת,נפתח
נסגרת,נסגר
כלואים,כלוא
מחוזקות,חוזק
מודים,הודה
מעוגל,עוגל
מתפתח,התפתח
מותנה,הותנה
נטחנים,נטחן
נגרס,נגרס
סופח,ספח
מתנפח,התנפח
להתפורר,התפורר
נוטים,נטה
התייבשו,התייבש
נעדרות,נעדר
נובע,נבע
לנצלם,ניצל
מיוצר,יוצר
נבדק,נבדק
להקפיד,הקפיד
נחלקים,נחלק
נע,נע
מכונה,כונה
מתאימה,התאים
מעוגלים,עוגל
להעדיף,העדיף
יספוג,ספג
יפתח,פיתח
לוודא,וידא
להתפתות,התפתה
רוכשים,רכש
גורע,גרע
להתנתק,התנתק
שורר,שרר
נמדד,נמדד
הולם,הלם
מעניקות,העניק
לעניין,עניין
להתאים,התאים
מצופות,צופה
נקראת,נקרא
מתייחסים,התייחס
כוללים,כלל
מזומן,זומן
נלווה,נלווה
מציינת,ציין
לקדם,קידם
להימלט,נמלט
אותר,אותר
נלכד,נלכד
ניגש,ניגש
לפתוח,פתח
שדד,שדד
נשדדה,נשדד
צעק,צעק
לסגת,נסוג
התבצע,התבצע
חשש,חשש
להיכנס,נכנס
אירה,ירה
להמחיש,המחיש
פגעה,פגע
התפזרו,התפזר
סיכנו,סיכן
נוכחים,נכח
סימן,סימן
ציית,ציית
הסתפק,הסתפק
נטל,נטל
הכילה,הכיל
הסבירה,הסביר
יתארך,התארך
יימלט,נמלט
לשכור,שכר
הושכרו,הושכר
הסבירו,הסביר
נועד,נועד
ציינו,ציין
ננקטו,ננקט
אכלס,אכלס
שופצו,שופץ
שילמו,שילם
קשרה,קשר
נחקרים,נחקר
הודרכה,הודרך
משותף,שותף
התכנסה,התכנס
בוחנים,בחן
פוצצו,פוצץ
תקום,קם
השתרבב,השתרבב
קיימים,קיים
תוכפל,הוכפל
להיספג,נספג
נידרש,נדרש
לחסלה,חיסל
עוזבים,עזב
מרגישים,הרגיש
לעטוף,עטף
להתריע,התריע
להרגיע,הרגיע
לאזור,אזר
לבלבל,בלבל
יבנה,נבנה
יתקיימו,התקיים
ישתלו,שתל
ייפתחו,נפתח
יתסוס,תסס
משלה,השלה
תמצא,מצא
תתרום,תרם
ספוגות,ספג
יתחיל,התחיל
יטלו,יטלו
יעזבו,עזב
ניווכח,נוכח
ישאירו,השאיר
תהפוך,הפך
יתחזקו,התחזק
הבין,הבין
מצביעות,הצביע
שרויה,שרוי
תושג,הושג
רובצת,רבץ
תינתן,ניתן
תביא,הביא
לעודדם,עודד
נחלצו,נחלץ
לאמר,לאמר
מקלות,הקל
נחשדו,נחשד
תוקף,תקף
ביטלה,ביטל
הרחיקה,הרחיק
מואשמים,הואשם
ידועים,ידע
כיהנה,כיהן
חוקקה,חוקק
עמדו,עמד
התעקשה,התעקש
מזויפת,זויף
מקווים,קיווה
הרכיבה,הרכיב
החלישו,החליש
רמסו,רמס
נועדו,נועד
בוחר,בחר
התאגדו,התאגד
מראות,הראה
גוברים,גבר
תסתיים,הסתיים
תיאלץ,נאלץ
לפתח,פיתח
מוצהרת,הוצהר
ניהלה,ניהל
מנהלת,ניהל
תנהל,ניהל
התבשרנו,התבשרנו
מסרה,מסר
נשבו,נשבה
תישאר,נשאר
ימהרו,מיהר
תיפתר,נפתר
הנחנו,הניח
להיענות,נענה
הזרימו,הזרים
הועמדו,הועמד
להזרים,הזרים
שאלו,שאל
נרתעות,נרתע
נדונה,נדון
ימונה,מונה
הובטחה,הובטח
ידועה,ידע
בוקעות,בקע
שכבה,שכב
פצועה,פצע
נרצחה,נרצח
נמלטה,נמלט
קיוו,קיווה
השלימו,השלים
בואי,בא
מפייסת,פייס
לקנות,קנה
השתכנעה,השתכנע
סטה,סטה
לכרוע,כרע
הצמיד,הצמיד
לחץ,לחץ
זיהמה,זיהם
נעלם,נעלם
דחף,דחף
בוקע,בקע
גולשות,גלש
נמצאות,נמצא
חשופות,חשף
נרתעים,נרתע
להחריף,החריף
נרקמת,נרקם
נשפך,נשפך
חיו,חי
התנתקו,התנתק
מסירות,הסיר
מצטרפות,הצטרף
נוהגים,נהג
מדקדקות,דקדק
נוהגי,נהג
חולמות,חלם
מגיבות,הגיב
להסתבך,הסתבך
הואילו,הואיל
הסתגר,הסתגר
לאלץ,אילץ
לירות,ירה
להתגרש,התגרש
מכים,הכה
פורשו,פורש
עסקה,עסק
כתבה,כתב
להשתכר,השתכר
מושלכות,הושלך
מרוויחות,הרוויח
מתמסרות,התמסר
מבזה,ביזה
מזלזל,זלזל
נחשבות,נחשב
מגביר,הגביר
מפגר,פיגר
מלגלגים,לגלג
מסולף,סולף
לכודות,לכד
סוגר,סגר
הבחין,הבחין
התבוננה,התבונן
נתונות,נתן
יוצאת,יצא
כואב,כאב
משחדים,שיחד
נפגעה,נפגע
לצלוע,צלע
פטורה,פטר
יוזמים,יזם
מביאה,הביא
ברחה,ברח
רציתי,רצה
מותקפות,הותקף
הותקפו,הותקף
כלא,כלא
עינה,עינה
אנס,אנס
הותקפה,הותקף
סייעה,סייע
סטר,סטר
דקר,דקר
החרימו,החרים
מטיילים,טייל
נוסחה,נוסח
ישקול,שקל
הועברה,הועבר
מקיימות,קיים
נתלתה,נתלה
מתעניין,התעניין
הגבירו,הגביר
סימנו,סימן
הקטין,הקטין
מועדים,הועד
שיפרו,שיפר
הבהירו,הבהיר
יתעורר,התעורר
יהססו,היסס
הדגישו,הדגיש
מוגדרים,הוגדר
להמליץ,המליץ
נשקפת,נשקף
משווקים,שיווק
התרכזנו,התרכז
לצייד,צייד
משתלם,השתלם
מוכרים,מכר
נמכרות,נמכר
מציעה,הציע
התרגלו,התרגל
מייבאת,ייבא
מסתדרות,הסתדר
חתמה,חתם
לייצר,ייצר
להעיר,העיר
להימצא,נמצא
לקרב,קירב
מושלמות,הושלם
מייעצת,ייעץ
תתחיל,התחיל
יושלמו,הושלם
הגביר,הגביר
נוהגות,נהג
הידרדרנו,הידרדרנו
שילמנו,שילם
יצרנו,יצר
יחזיר,החזיר
יעניק,העניק
חשבנו,חשב
הסתכסכנו,הסתכסך
השקענו,השקיע
הוצאנו,הוציא
עוררנו,עורר
עשינו,עשה
כיהנתי,כיהן
חשפתי,חשף
אשמים,אשם
הוענשו,הוענש
קיימו,קיים
קוברים,קבר
קברו,קבר
לתרום,תרם
מוצדקות,הוצדק
השתלטו,השתלט
תומכים,תמך
ידרשו,דרש
צימצם,צמצם
צודקת,צדק
יזקוף,זקף
מחויבים,חויב
מאשימים,האשים
ניצחנו,ניצח
התייחסנו,התייחס
ייאפשרו,אפשר
אופיינה,אופיין
מאשים,האשים
הוזהרו,הוזהר
פרסמה,פרסם
היכתה,הכה
בוצעה,בוצע
נגוע,גווע
אירעו,אירע
נעלמו,נעלם
הורג,הרג
לחלץ,חילץ
פוקחת,פקח
הפנימו,הפנים
מנוכה,נוכה
ארכה,ארך
נתונים,נתן
עיכב,עיכב
הקלה,הקל
שונאים,שנא
פגשנו,פגש
חיפשו,חיפש
תיארה,תיאר
אוכלים,אכל
חטא,חטא
יברחו,ברח
נולדו,נולד
מעירה,העיר
החלטנו,החליט
הסכמנו,הסכים
יירד,ירד
ישימו,שם
קבענו,קבע
נכוו,ניכווה
נגיע,הגיע
נקלוט,קלט
יאהבו,אהב
יקצור,קצר
לזרוע,זרע
מפקיע,הפקיע
דורשות,דרש
ילמד,למד
התהווה,התהווה
מזעזעת,זיעזע
נחשפה,נחשף
הובאו,הובא
נאסר,נאסר
התלוננו,התלונן
הודו,הודה
מסתעפת,הסתעף
ציוותה,ציווה
שוחרר,שוחרר
יורדים,ירד
מסתיידים,הסתייד
להנשים,הנשים
לפלוט,פלט
יורדות,ירד
משועמם,שועמם
גוועה,גווע
התמחה,התמחה
כעס,כעס
ראתה,ראה
מתמשכת,התמשך
מרגיעה,הרגיע
קושרים,קשר
לפרוך,לפרוך
יהא,יהא
יורדת,ירד
לשנן,שינן
נגיד,הגיד
מסולסלת,סולסל
תקוע,תקע
יאחר,איחר
ממיט,המיט
מרהיבות,הרהיב
יסורו,סר
ישובו,שב
כועס,כעס
חוטא,חטא
מוציא,הוציא
נפיק,הפיק
שופך,שפך
גווע,גווע
מלמדות,לימד
זועף,זעף
יצאנו,יצא
תחתום,חתם
רכש,רכש
מרומה,רומה
הדליף,הדליף
נוקב,נקב
ישולמו,שולם
להוריד,הוריד
מינתה,מינה
ימלא,מילא
מציינים,ציין
בולטת,בלט
יופקד,הופקד
רשומות,רשם
להינתק,ניתק
להיהפך,נהפך
שואפת,שאף
להיכלל,נכלל
כונו,כונה
הושלכה,הושלך
לפייס,פייס
מתפשט,התפשט
לחלוש,חלש
זורם,זרם
נכבשה,נכבש
קראו,קרא
חלשה,חלש
מוקף,הוקף
נתלו,נתלה
קיוותה,קיווה
למתן,מיתן
קוראות,קרא
לנער,ניער
מעריכה,העריך
יישפך,נשפך
הרוויחו,הרוויח
שוכנות,שכן
מייצר,ייצר
צווחים,צווח
יעבירו,העביר
מזהירים,הזהיר
פוטרות,פטר
נראה,הראה
מתכתש,התכתש
לפקד,פיקד
ישרטט,שרטט
להתחמם,התחמם
בוערת,בער
מחפשות,חיפש
זז,זז
תחשוב,חשב
תתחזה,התחזה
מכפר,כיפר
מפגישים,הפגיש
מאחדים,איחד
פורץ,פרץ
אומרות,אמר
מתבייש,התבייש
הופכת,הפך
מגלמת,גילם
מגלם,גילם
גילמו,גילם
נפטר,נפטר
להתיידד,התיידד
כללו,כלל
הושמדו,הושמד
שימשו,שימש
תנסה,ניסה
יסרב,סירב
שיבחו,שיבח
מציפה,הציף
להיחשף,נחשף
לברך,בירך
לערוך,ערך
נפתחה,נפתח
יוזמנו,הוזמן
מכירה,הכיר
תיערך,נערך
מוטעית,הוטעה
להגמיש,הגמיש
לאזן,איזן
נטו,נטה
יצקה,יצק
מענג,עינג
השתדל,השתדל
מטמיעה,הטמיע
שפר,שפר
עיצבה,עיצב
מגוונת,גוון
מבטאת,ביטא
התקיימו,התקיים
מרכזות,ריכז
רכשו,רכש
קנו,קנה
מרבים,הרבה
הוגבל,הוגבל
טיפח,טיפח
הוכשר,הוכשר
להתמצא,התמצא
להנהיג,הנהיג
תוכננה,תוכנן
הוצעו,הוצע
הרקיעו,הרקיע
דירבנה,דירבן
יקנו,קנה
נמכרה,נמכר
הוכיחו,הוכיח
ערוכים,ערך
שלטו,שלט
תרבה,הרבה
יוסיפו,הוסיף
יזרמו,זרם
יוחלט,הוחלט
לחם,לחם
לכרסם,כרסם
לבלוע,בלע
התנדנד,התנדנד
שבע,שבע
יידרשו,נדרש
לחוללם,חולל
מעיקה,העיק
יקודמו,קודם
מראיין,ראיין
להשתכנע,השתכנע
יחתום,חתם
מניבה,הניב
להשתבץ,השתבץ
שוקדים,שקד
מתגבשים,התגבש
יתבסס,התבסס
ימוקם,מוקם
תצורף,צורף
מורחבות,הורחב
מונחת,הונח
השתרע,השתרע
יתמקד,התמקד
ישכון,שכן
נפלה,נפל
הועלתה,הועלה
נטה,נטה
השתכנע,השתכנע
מדגישים,הדגיש
הבטיחה,הבטיח
יתוספו,יתוספו
מתוגבר,תוגבר
ינציח,הנציח
קובלים,קבל
פוגע,פגע
איים,איים
יאושרו,אושר
להניב,הניב
מוקם,הוקם
כיוונה,כיוון
מדגיש,הדגיש
התגבש,התגבש
רומז,רמז
מותנות,הותנה
נגזרות,נגזר
מקודש,קודש
מעודכן,עודכן
מעבירים,העביר
מעודכנים,עודכן
מדווחים,דווח
לתעתע,תעתע
מתגבש,התגבש
ימנה,מינה
להתמקד,התמקד
ראיין,ראיין
יפעל,פעל
יתערב,התערב
פירסמו,פרסם
מודיעים,הודיע
יוקטנו,הוקטן
התחייבה,התחייב
יועלו,הועלה
לפקפק,פקפק
מורידה,הוריד
הכתיבו,הכתיב
בוטל,בוטל
פטורים,פטר
משולמת,שולם
מחזיקי,החזיק
מתנגדים,התנגד
מושקעות,הושקע
דרוש,דרש
ייחשב,נחשב
יכין,הכין
ישלח,שלח
הצטיינו,הצטיין
נדרשת,נדרש
תוקטן,הוקטן
מובטחת,הובטח
יוטל,הוטל
ינהלו,ניהל
מתחייבים,התחייב
הגדירו,הגדיר
דוחה,דחה
החמירה,החמיר
התרבו,התרבה
הפלילו,הפליל
לבסס,ביסס
סותרת,סתר
להסתמך,הסתמך
הותנתה,הותנה
לחוקר,לחוקר
להביאו,הביא
שוכנע,שוכנע
להניא,הניא
מאשרים,אישר
מגישה,הגיש
יירשמו,נרשם
נולדה,נולד
מקשקש,קשקש
נקטעה,נקטע
פוצה,פצה
לשתוק,שתק
לעקוף,עקף
שבעו,שבע
רצוי,רצה
יעליל,העליל
ישתוק,שתק
מסתמך,הסתמך
יורשע,הורשע
דוגלת,דגל
סיכלה,סיכל
יצרה,יצר
שותק,שתק
לחוקרו,חקר
ישתכנע,השתכנע
להרשיע,הרשיע
מחזקת,חיזק
ייגבה,נגבה
נדחו,נדחה
מכאיבה,הכאיב
נוטשים,נטש
תבטיח,הבטיח
מושמעת,הושמע
נטענת,נטען
מקנים,הקנה
מסובסד,סובסד
מבקשות,ביקש
מתיימרות,התיימר
מסתמכת,הסתמך
מממן,מימן
תסייע,סייע
להינתן,ניתן
לומדי,למד
נהוג,נהג
קודם,קדם
מודד,מדד
נכפו,נכפה
מתנגד,התנגד
להקפיא,הקפיא
יעמוד,עמד
מתמשך,התמשך
לאכוף,אכף
מסתכמת,הסתכם
מוסמכת,הוסמך
משדרים,שידר
השמיע,השמיע
נפגשים,נפגש
משדרות,שידר
נערכות,נערך
הטביע,הטביע
לרופף,רופף
נרקמו,נרקם
ישוו,שיווה
שומרת,שמר
יוצרים,יצר
יתקע,נתקע
יתקוף,תקף
לפורר,פורר
תעבור,עבר
מעדכן,עדכן
לחשוש,חשש
נתמלאה,התמלא
מספקות,סיפק
דבקו,דבק
להשחיר,השחיר
להתנכר,התנכר
יציל,הציל
לשקוד,שקד
תמלא,מילא
מעוניינת,עונין
להכביד,הכביד
לקפח,קיפח
נקלעה,נקלע
מפורט,פורט
גיבשה,גיבש
תובא,הובא
הכין,הכין
יורכבו,הורכב
להכליל,הכליל
נשרו,נשר
מונים,מנה
נפסלה,נפסל
נדקרה,נדקר
התחננו,התחנן
יהפכו,הפך
מתאבלים,התאבל
נלווית,נלווה
מאוכלסים,אוכלס
נענים,נענה
פיתחו,פיתח
מוצאת,מצא
דוגלים,דגל
הפגינו,הפגין
מיישם,יישם
דחה,דחה
התכנסו,התכנס
הוגלה,הוגלה
הטילו,הטיל
להסיג,הסיג
תמך,תמך
הסעירה,הסעיר
להסתייג,הסתייג
הערים,הערים
נתמך,נתמך
מהססים,היסס
הורו,הורה
לעכב,עיכב
ישקלו,שקל
יוכרע,הוכרע
נזעקו,נזעק
הזדרז,הזדרז
למתוח,מתח
נוקבת,נקב
יגרום,גרם
תשחרר,שחרר
ישרור,שרר
שולט,שלט
רוצח,רצח
מדאיג,הדאיג
תפטור,פטר
יחתרו,חתר
לאסור,אסר
יסכל,סיכל
ידקור,דקר
יידקר,נדקר
יפטרל,פטרל
יוכנס,הוכנס
התנסה,התנסה
מכחיש,הכחיש
משבחים,שיבח
מתעלמים,התעלם
מתחמקת,התחמק
הוגדרו,הוגדר
מקיים,קיים
קובעים,קבע
מואשמת,הואשם
הציתה,הצית
תחייב,חייב
תתכוון,התכוון
להוביל,הוביל
לספוג,ספג
יוגדרו,הוגדר
תותיר,הותיר
טסים,טס
הופנה,הופנה
תתעורר,התעורר
תימנע,נמנע
מתעצם,התעצם
מכרסמים,כרסם
טמונים,טמן
בוחן,בחן
מתבצעת,התבצע
הסבה,הסב
נאמדים,נאמד
אירעה,אירע
נוהל,נוהל
נחשפות,נחשף
יפסיק,הפסיק
להיגרם,נגרם
ישתקף,השתקף
לרענן,רענן
תמונה,מונה
פגש,פגש
שומע,שמע
מבלבלים,בלבל
תיפול,נפל
סומכים,סמך
נרתמת,נרתם
מתרופף,התרופף
יקשה,הקשה
מתנהלת,התנהל
מקפיד,הקפיד
הזדמן,הזדמן
מחנה,החנה
ציטט,ציטט
להפיל,הפיל
מתואר,תואר
נבלעת,נבלע
מסתודד,מסתודד
נרקחים,נרקח
מסבירים,הסביר
טרוד,טרד
מפרסם,פרסם
הערתי,העיר
תכתוב,כתב
מפריך,הפריך
התפרסמו,התפרסם
להרהר,הרהר
מוזמן,הוזמן
כופים,כפה
מגבילה,הגביל
שודר,שודר
מתבססת,התבסס
נשארת,נשאר
להזהיר,הזהיר
הסכים,הסכים
לציית,ציית
נכחה,נכח
העבירה,העביר
שיתקו,שיתק
מתכנתים,תכנת
השעתה,השעה
מנעו,מנע
מורשי,הורשה
שיתפו,שיתף
נגרמה,נגרם
שיבשה,שיבש
התלוננה,התלונן
עידכנה,עדכן
להשבית,השבית
ישביתו,השבית
מתכוונים,התכוון
מוחים,מחה
שולמה,שולם
יאושר,אושר
מונע,הונע
יאפשר,אפשר
לייעל,ייעל
יענו,ענה
מעכב,עיכב
הוצע,הוצע
מבטל,ביטל
הוברר,הוברר
ניגשה,ניגש
נכונות,נכון
ינוע,נע
להקטין,הקטין
להעמידה,העמיד
לשחוק,שחק
ישמרו,שימר
יירדו,יירדו
ייוותרו,נותר
לפלג,פילג
נפוץ,נפוץ
מכנים,כינה
נוטלים,נטל
דוחים,דחה
הקשיב,הקשיב
שוחח,שוחח
לרכשו,לרכשו
מממש,מימש
לזהות,זיהה
מחק,מחק
עקרו,עקר
מונעים,מנע
נספגו,נספג
נפרשו,נפרש
להציע,הציע
להתקין,התקין
שרויים,שרוי
תעלה,העלה
הוקיעה,הוקיע
נודעה,נודע
הנם,הנו
מנקרת,ניקר
ממומנת,מומן
ברור,ברר
להשמיד,השמיד
מופרש,הופרש
קוטל,קטל
חזר,חיזר
נקט,נקט
מופק,הופק
הטעים,הטעים
ניטלו,ניטל
קטלו,קטל
נוטרלה,נוטרל
הושתלו,הושתל
הוזרק,הוזרק
מתו,מת
החלימו,החלים
נבדקו,נבדק
מממנים,מימן
משביע,השביע
יועלה,הועלה
יוסר,הוסר
יבוטל,בוטל
תרחיב,הרחיב
מקבלות,קיבל
בדקו,בדק
נכשלו,נכשל
נוטות,נטה
התבררו,התברר
הזרימה,הזרים
תפסיק,הפסיק
הטיל,הטיל
הכחישו,הכחיש
לנתק,לנתק
התכוונה,התכוון
לייקר,ייקר
יפגע,פגע
לזמן,זימן
מסדיר,הסדיר
הוגדר,הוגדר
קושר,קשר
לתאם,תיאם
יפעלו,פעל
מוערכת,הוערך
התערב,התערב
להפגיש,הפגיש
מועילה,הועיל
פותחת,פתח
משתפים,שיתף
יעזרו,עזר
גרף,גרף
דווח,דווח
הרוויח,הרוויח
הניבו,הניב
להיחרץ,נחרץ
נקנס,נקנס
נמשכת,נמשך
הכניס,הכניס
הסתכמו,הסתכם
יצוידו,צוייד
יימכר,נמכר
יצטמצם,הצטמצם
הושבע,הושבע
תחזיק,החזיק
ייערכו,נערך
יירגעו,נרגע
חיכה,חיכה
קידמו,קידם
התאסף,התאסף
לנגוע,נגע
הרימו,הרים
נחרדו,נחרד
מחו,מחה
התעצמו,התעצם
שקועה,שקוע
החריף,החריף
מתלוננים,התלונן
התלקחה,התלקח
אפף,אפף
הוצת,הוצת
בוער,בער
מכבי,כיבה
חושד,חשד
חטפו,חטף
נכנעו,נכנע
הזדהו,הזדהה
להקשיב,הקשיב
חתמו,חתם
מדממים,דימם
תקבלו,קיבל
נסגיר,הסגיר
נבחרת,נבחר
עצורים,עצר
אילצו,אילץ
לנחות,נחת
נאבקים,נאבק
תפסה,תפס
סוחף,סחף
התהפך,התהפך
נהרגה,נהרג
התגוררו,התגורר
החליק,החליק
הסתחרר,הסתחרר
צדי,צד
נזרקו,נזרק
נשכבו,נשכב
בלם,בלם
מאושפזים,אושפז
התנגשה,התנגש
בודקת,בדק
ביצעה,ביצע
חצה,חצה
חונים,חנה
נהוגה,נהג
להפקיע,הפקיע
יבדוק,בדק
דרושים,דרש
יעמדו,עמד
הוערכו,הוערך
חוברו,חובר
נבדקה,נבדק
נרכש,נרכש
לפטר,פיטר
תפורסם,פורסם
תבקש,ביקש
להאציל,האציל
תתבקש,התבקש
אתפטר,התפטר
איאבק,איאבק
להצטייד,הצטייד
לגונן,גונן
ינועו,נע
מפתחים,פיתח
מתנפל,התנפל
התרחשו,התרחש
הכרנו,הכיר
מושפעים,הושפע
להקריב,הקריב
לובשי,לבש
מוטלות,הוטל
התנצל,התנצל
מתנצל,התנצל
הביס,הביס
הגיח,הגיח
עוררה,עורר
התחילו,התחיל
לארגן,ארגן
יושבע,הושבע
נכללה,נכלל
התנער,התנער
יזין,הזין
מפורזת,פורז
שירתו,שירת
משלמים,שילם
יתקשו,התקשה
שיכל,שיכל
מתייצבת,התייצב
יחליף,החליף
יציע,הציע
יכריעו,הכריע
הוזמנו,הוזמן
להגדיר,הגדיר
לאחוז,אחז
מגדירה,הגדיר
נותח,נותח
שוהה,שהה
דוקר,דקר
צעד,צעד
השכיב,השכיב
שלף,שלף
התמוטט,התמוטט
השכבתי,השכיב
הוצאתי,הוציא
לחסום,חסם
רדפו,רדף
טיפלו,טיפל
מונשם,הונשם
הוכנס,הוכנס
עמלו,עמל
נלקח,נלקח
נחקר,נחקר
לברר,בירר
תופסים,תפס
לבוש,לבש
סיירו,סייר
נעלו,נעל
פותח,פותח
תקל,הקל
הופעלו,הופעל
נבחרו,נבחר
מורשעי,הורשע
הוטלו,הוטל
גובשה,גובש
יערער,ערער
מורשע,הורשע
תפול,נפל
הוכן,הוכן
יגיש,הגיש
יתייחס,התייחס
ערערו,ערער
ביטלו,ביטל
הוקל,הוקל
העבירו,העביר
תזמן,זימן
הוענק,הוענק
מחולק,חולק
פרוף,פרף
מתכנן,תכנן
ישפיעו,השפיע
מצוטטים,צוטט
תושלם,הושלם
יידחה,נדחה
מוצבים,הוצב
לאותת,אותת
להינקט,ננקט
יוזרמו,הוזרם
מספיקים,הספיק
להודיע,הודיע
מהדקים,הידק
תילחם,נלחם
סיכם,סיכם
יטילו,הטיל
מפקפק,פקפק
יישמעו,נשמע
יינקטו,ננקט
תתיר,התיר
מעבדת,עיבד
תשתווה,השתווה
תוגבר,הוגבר
מוצבות,הוצב
יושלם,הושלם
מתחו,מתח
נועץ,נועץ
נשאלים,נשאל
צידדו,צידד
נפגשו,נפגש
תאוזכר,אוזכר
תשלח,שלח
הכינה,הכין
תמהר,מיהר
חברה,חבר
מפורטות,פורט
לתקוע,תקע
הודתה,הודה
הסתייגה,הסתייג
מטרידים,הטריד
הוחל,הוחל
יורשו,הורשה
נאסרה,נאסר
נחשדה,נחשד
חנקו,חנק
גורסים,גרס
התפתחו,התפתח
ניפץ,ניפץ
יוגש,הוגש
התחזקה,התחזק
הניחה,הניח
התגלעו,התגלע
יותנו,הותנה
נעות,נע
יקצץ,קיצץ
הובעה,הובע
נחלש,נחלש
להחלש,נחלש
ניצבת,ניצב
תחריף,החריף
נחזה,נחזה
העריכו,העריך
מתועשות,תועש
מובילות,הוביל
מצביע,הצביע
טיפס,טיפס
התריעו,התריע
צבועים,צבע
מתכוונות,התכוון
תגרום,גרם
לערב,עירב
מרדימים,הרדים
תיצור,יצר
פיטרה,פיטר
הודעתי,הודיע
התחייבתי,התחייב
עזר,עזר
מתנכלים,התנכל
משותפים,שותף
יוגשו,הוגש
תתכנס,התכנס
משתפות,שיתף
מצטברות,הצטבר
הפקידו,הפקיד
הועלה,הועלה
נטל,ניטל
הצביע,הצביע
מתבדחים,התבדח
משתקות,שיתק
נרדפת,נרדף
הסיע,הסיע
מוזכר,הוזכר
נתקלו,נתקל
פושטי,פשט
ינחת,נחת
להיגרר,נגרר
מכניסים,הכניס
מלוות,ליווה
נקלטים,נקלט
להכשיר,הכשיר
מתגייסת,התגייס
להתבייש,התבייש
רשמו,רשם
ישאפו,שאף
שברה,שבר
הכניעה,הכניע
נעזרה,נעזר
עוטי,עטה
הסבו,הסב
בועטים,בעט
ליוו,ליווה
הסתיימה,הסתיים
מטריד,הטריד
מחמיא,החמיא
פצועים,פצע
תוציא,הוציא
נראה,ראה
מתאמנים,התאמן
להתנדב,התנדב
למות,מת
מופקד,הופקד
צעדו,צעד
השמיעו,השמיע
מתאמנת,התאמן
יתחילו,התחיל
להתאמן,התאמן
נפוצו,נפוץ
ישתלבו,השתלב
תפרוץ,פרץ
מוצעים,הוצע
יפטור,פטר
החכיר,החכיר
תשלם,שילם
מושכרים,הושכר
שכרה,שכר
טעון,טען
שילמה,שילם
חסכה,חסך
שכר,שכר
מוערך,הוערך
מוצעת,הוצע
תימכר,נמכר
רכשה,רכש
שוכרת,שכר
משתרעים,השתרע
מוקפת,הוקף
מושלמת,הושלם
בדקה,בדק
הציעה,הציע
להשכיר,השכיר
שימשה,שימש
נסגרה,נסגר
ירדה,ירד
להסתפק,הסתפק
עוקבות,עקב
מייצגות,ייצג
מבקיע,הבקיע
שוקמה,שוקם
נטלה,נטל
ניצלה,ניצל
הבקיעו,הבקיע
חסרה,חסר
הוסבר,הוסבר
לפרוץ,פרץ
קידמה,קידם
הנחילה,הנחיל
מאמן,אימן
מקדימה,הקדים
כשלה,כשל
נחתך,נחתך
ברח,ברח
כונתה,כונה
נסעו,נסע
חזרנו,חזר
מתנתק,התנתק
מרגיז,הרגיז
מצטמצם,הצטמצם
מעודד,עודד
יורד,ירד
היגר,היגר
קולע,קלע
נשכחים,נשכח
נגמר,נגמר
נס,נס
סחף,סחף
חל,חל
שיחררה,שחרר
הסב,הסב
שאפו,שאף
לזכות,זכה
שלט,שלט
הכתיב,הכתיב
נבחו,נבח
